Timestamp,exclude_1,exclude_2,ic,CN_01,CN_02,CN_03,CN_04,CN_05,CN_06,CN_07,CN_07R,CN_08,CN_09,BJC_01,BJC_02,BJC_03,BJC_04,BJC_05,BJC_06,BJC_07,BJC_08,BJC_09,BJC_10,BJC_11,BJC_12,STH_01,STH_02,STH_03,STH_04,STH_05,STH_06,STH_07,STH_08,RZL_01,RZL_02,RZL_03,RZL_04,RZL_05,RZL_06,RZL_07,RZL_08,RZL_09,RZL_10,RZL_11,RZL_12,RZL_13,RZL_14,RZL_15,RZL_16,DEMO_1,DEMO_2,DEMO_3,DEMO_4,DEMO_5,DEMO_6,cn,rzl,bjc,sth
29/01/2020 12:10:53,Ya,Ya,"Ya, setuju",7,7,7,4,7,7,4,4,7,4,7,3,2,4,4,6,4,4,4,4,4,5,6,5,7,6,7,5,4,4,5,5,5,5,5,5,5,5,4,5,5,5,5,5,5,5,1,4,18,2,99,99,54,79,51,44
29/01/2020 15:37:40,Ya,Ya,"Ya, setuju",4,5,5,6,5,5,3,5,5,4,4,6,5,5,4,5,4,5,4,4,5,5,5,6,5,5,5,4,4,4,3,4,3,3,3,2,3,5,4,2,4,3,3,3,4,3,1,5,18,2,99,99,44,52,56,38
29/01/2020 18:27:09,Ya,Ya,"Ya, setuju",4,4,3,4,2,1,4,4,5,3,3,3,4,4,4,4,4,4,4,4,4,4,3,4,3,4,4,3,2,3,4,4,4,4,3,1,3,3,3,3,3,2,3,3,3,3,1,3,18,2,99,99,30,49,46,26
28/01/2020 21:55:23,Ya,Ya,"Ya, setuju",2,4,5,5,3,3,5,3,2,6,2,5,2,2,2,3,5,2,1,2,2,3,2,2,3,1,5,2,1,1,3,3,3,4,2,1,3,2,4,2,3,3,4,3,4,3,1,5,18,1,3,2,33,47,31,17
28/01/2020 22:34:02,Ya,Ya,"Ya, setuju",6,6,7,6,4,3,6,2,5,5,6,4,5,5,4,5,7,6,5,4,5,6,5,7,7,6,5,3,4,1,3,4,4,4,5,2,4,5,4,3,4,4,4,4,5,4,1,5,18,2,3,2,44,63,62,38
29/01/2020 0:14:20,Ya,Ya,"Ya, setuju",2,4,4,7,2,4,6,2,5,5,5,5,5,3,4,4,4,6,4,5,5,5,2,1,7,2,4,2,1,1,4,4,5,5,5,3,5,5,3,3,5,3,5,5,5,4,1,3,18,2,3,2,35,69,55,20
29/01/2020 11:08:07,Ya,Ya,"Ya, setuju",4,6,6,4,6,6,5,3,5,7,6,5,6,6,6,6,6,6,5,5,5,6,5,6,7,6,5,5,3,4,3,4,5,5,5,3,4,5,4,5,4,3,5,4,5,5,1,5,18,2,3,2,47,69,68,41
29/01/2020 11:49:52,Ya,Ya,"Ya, setuju",4,3,7,4,3,7,4,4,6,6,6,5,5,5,5,6,7,6,6,5,7,6,7,6,7,7,7,6,4,3,5,5,5,5,5,4,5,5,5,4,5,5,1,5,5,5,1,1,18,2,3,2,44,74,69,47
29/01/2020 12:12:22,Ya,Ya,"Ya, setuju",3,6,3,6,6,4,3,5,5,6,6,6,5,5,4,5,4,5,4,5,5,4,4,6,5,3,5,4,2,3,4,4,4,4,4,2,3,4,3,4,5,3,2,4,4,3,3,3,18,2,3,2,44,57,58,32
29/01/2020 12:15:55,Ya,Ya,"Ya, setuju",4,7,7,6,4,5,5,3,4,2,3,3,4,4,4,5,4,5,3,4,4,4,4,3,6,4,5,1,1,1,5,5,5,5,5,1,5,5,5,2,5,5,1,5,5,5,4,3,18,2,3,2,42,69,47,25
29/01/2020 12:35:49,Ya,Ya,"Ya, setuju",5,2,5,6,4,3,7,1,7,4,4,4,3,4,3,4,3,3,3,4,4,4,7,7,7,7,5,6,2,2,3,5,5,5,4,5,5,5,4,3,4,1,4,3,3,3,1,7,18,2,3,2,37,62,43,43
29/01/2020 12:44:46,Ya,Ya,"Ya, setuju",4,5,6,7,4,3,5,3,4,5,5,4,5,5,5,6,6,6,5,4,4,4,5,4,6,5,4,3,2,3,3,3,5,4,4,2,4,4,3,2,4,4,5,4,4,3,4,5,18,2,3,1,41,58,59,32
29/01/2020 12:47:45,Ya,Ya,"Ya, setuju",7,7,7,6,7,7,1,7,7,4,4,3,5,3,3,3,7,7,7,2,4,6,7,2,7,6,5,2,1,2,5,3,4,4,1,5,5,5,5,3,5,5,3,5,5,5,3,3,18,2,3,99,59,68,54,32
29/01/2020 13:12:15,Ya,Ya,"Ya, setuju",3,2,3,5,1,1,6,2,1,2,2,2,2,2,2,4,3,3,2,2,2,2,1,3,3,2,2,1,1,1,5,4,5,4,2,1,4,2,3,2,3,2,3,3,4,3,1,5,18,2,3,2,20,50,28,14
29/01/2020 15:20:02,Ya,Ya,"Ya, setuju",4,4,5,5,4,4,6,2,5,5,5,4,4,3,3,5,6,5,1,1,3,1,3,2,5,1,1,1,1,1,4,4,5,3,3,1,4,3,3,2,3,2,4,4,5,3,3,3,18,2,3,2,38,53,41,15
29/01/2020 15:42:43,Ya,Ya,"Ya, setuju",5,6,7,6,3,6,5,3,5,7,6,7,7,7,7,7,7,7,5,7,7,7,5,5,7,7,7,5,2,2,4,3,5,5,5,4,4,5,3,4,3,4,4,5,5,4,3,1,18,2,3,2,48,67,81,40
29/01/2020 17:52:12,Ya,Ya,"Ya, setuju",5,7,4,5,4,1,6,2,6,5,6,6,6,5,3,2,7,6,4,4,5,5,5,6,6,5,5,3,1,1,5,4,5,5,5,2,5,5,5,3,5,4,5,4,5,4,4,5,18,2,3,2,39,71,59,32
29/01/2020 18:34:44,Ya,Ya,"Ya, setuju",1,5,3,7,2,3,7,1,6,4,3,4,4,3,3,4,4,5,5,1,3,4,4,4,6,5,4,1,1,1,5,5,5,4,4,1,5,4,5,5,5,1,4,1,5,5,4,4,18,2,3,99,32,64,43,26
29/01/2020 19:44:18,Ya,Ya,"Ya, setuju",4,5,6,6,2,2,4,4,4,5,5,4,4,4,5,5,4,5,4,3,4,4,4,3,5,3,6,3,3,3,4,4,4,4,4,1,4,3,3,3,1,3,5,4,4,3,1,2,18,2,3,2,38,54,51,30
29/01/2020 21:31:27,Ya,Ya,"Ya, setuju",1,4,2,7,1,1,6,2,5,2,4,6,4,2,2,2,2,2,4,1,1,1,1,5,2,1,1,1,1,1,4,4,5,4,4,1,4,5,3,1,1,1,5,4,2,2,1,5,18,2,3,2,25,50,31,13
29/01/2020 21:45:18,Ya,Ya,"Ya, setuju",5,6,5,7,6,5,5,3,5,6,4,4,4,4,4,4,4,5,4,6,5,5,5,4,5,3,4,1,1,1,4,4,5,4,5,1,4,4,4,2,4,3,3,4,4,4,1,5,18,2,3,99,48,59,53,24
29/01/2020 22:00:03,Ya,Ya,"Ya, setuju",4,4,5,5,3,5,3,5,3,3,3,3,5,4,4,5,4,5,4,3,4,4,4,3,5,5,4,2,2,2,5,5,5,5,4,1,5,4,4,2,4,3,5,5,5,3,1,1,18,2,3,2,37,65,48,27
30/01/2020 0:17:42,Ya,Ya,"Ya, setuju",3,4,4,5,2,3,3,5,4,1,4,4,4,3,3,5,5,3,3,1,3,3,1,5,5,7,5,3,1,1,5,4,4,4,4,1,3,3,3,1,3,1,4,3,3,3,1,3,18,2,3,2,31,49,41,28
29/01/2020 11:08:38,Ya,Ya,"Ya, setuju",6,6,7,7,5,7,5,3,7,7,1,6,7,7,6,7,7,7,7,5,7,7,7,5,7,1,6,4,1,1,5,5,5,3,1,1,5,5,5,3,5,5,5,1,4,4,4,5,18,2,2,1,55,62,74,32
29/01/2020 11:10:16,Ya,Ya,"Ya, setuju",4,7,5,7,4,4,4,4,4,7,4,5,5,4,4,4,6,6,4,4,4,4,4,4,6,4,4,4,1,1,5,4,5,4,5,1,5,5,5,5,5,5,5,5,5,5,4,3,18,2,2,2,46,74,54,28
29/01/2020 15:20:09,Ya,Ya,"Ya, setuju",5,7,6,5,6,6,5,3,4,1,1,4,3,6,3,5,4,4,5,3,3,3,3,6,7,1,5,5,3,3,5,5,5,5,5,5,5,5,5,5,5,5,4,5,5,5,4,3,18,2,2,1,43,79,44,33
29/01/2020 18:34:56,Ya,Ya,"Ya, setuju",1,5,7,7,4,6,2,6,3,6,3,3,6,6,3,5,6,6,6,2,4,3,5,1,7,6,6,7,1,1,5,5,5,5,5,5,5,5,5,5,5,5,5,5,5,5,1,2,18,2,2,99,45,80,53,34
29/01/2020 21:53:50,Ya,Ya,"Ya, setuju",6,5,7,6,2,6,5,3,4,1,4,3,5,2,1,4,5,6,4,4,4,4,1,3,6,3,4,6,1,1,3,4,5,3,2,3,5,4,4,5,5,5,3,4,5,5,4,3,18,2,2,2,40,65,46,25
29/01/2020 11:02:02,Ya,Ya,"Ya, setuju",3,3,4,6,3,3,3,5,1,1,3,3,4,4,4,5,5,5,6,5,5,5,1,1,1,1,1,1,1,2,5,5,5,4,4,1,3,4,3,1,1,2,2,3,3,4,1,1,18,2,1,99,29,50,54,9
29/01/2020 11:33:33,Ya,Ya,"Ya, setuju",4,4,6,7,4,5,6,2,7,2,4,5,4,1,2,2,4,4,4,1,3,3,7,3,6,3,4,1,1,1,5,4,5,5,3,2,4,5,3,3,5,5,5,5,5,4,3,5,18,2,1,99,41,68,37,26
29/01/2020 12:20:55,Ya,Ya,"Ya, setuju",4,5,4,4,4,4,6,2,4,3,4,3,5,2,3,2,6,5,6,2,2,5,4,3,6,4,5,2,1,1,4,5,4,4,4,2,5,4,4,3,2,3,3,5,4,3,1,5,18,1,1,2,34,59,45,26
29/01/2020 13:12:33,Ya,Ya,"Ya, setuju",4,6,6,5,5,4,3,5,5,5,5,6,4,5,5,4,4,5,5,4,5,4,5,6,6,5,6,5,3,6,5,5,5,5,5,3,5,5,5,5,5,4,4,5,5,5,3,5,18,2,1,2,45,76,56,42
29/01/2020 13:28:26,Ya,Ya,"Ya, setuju",5,5,6,7,5,6,7,1,5,5,5,4,4,3,5,5,5,6,4,2,3,4,2,3,7,5,4,2,1,2,5,4,5,5,4,2,4,5,4,5,4,5,5,5,5,5,1,1,18,2,1,1,45,72,50,26
29/01/2020 14:31:19,Ya,Ya,"Ya, setuju",4,7,5,7,4,6,6,2,6,4,5,7,6,5,4,4,4,4,4,3,4,4,4,4,6,3,5,4,2,3,5,4,5,5,4,1,5,5,3,4,4,3,4,5,5,3,3,1,18,2,1,2,45,65,54,31
29/01/2020 14:35:03,Ya,Ya,"Ya, setuju",4,6,7,5,6,7,3,5,6,4,5,7,6,6,4,7,4,6,6,4,5,5,3,4,5,7,5,4,1,1,4,5,5,5,5,1,4,5,3,5,5,5,4,5,5,5,1,1,18,1,1,2,50,71,65,30
29/01/2020 16:30:32,Ya,Ya,"Ya, setuju",7,3,3,6,4,5,3,5,3,3,3,6,3,4,2,6,6,6,6,3,6,6,5,7,7,7,7,3,1,5,5,5,5,5,5,5,5,5,4,3,5,4,4,5,5,5,4,5,18,2,1,2,39,75,57,42
29/01/2020 21:24:45,Ya,Ya,"Ya, setuju",7,5,5,7,7,6,1,7,7,7,7,6,6,5,5,4,4,5,4,5,4,5,5,5,7,4,5,4,1,2,5,5,5,5,5,5,5,5,4,5,5,4,5,5,5,5,1,5,18,2,1,2,58,78,60,33
29/01/2020 21:31:53,Ya,Ya,"Ya, setuju",6,7,7,4,6,7,4,4,2,2,4,4,4,6,5,5,6,6,6,3,3,6,3,4,7,3,6,5,5,5,5,5,5,5,5,4,5,5,5,4,5,5,3,5,5,5,3,6,18,1,1,2,45,76,58,38
29/01/2020 17:34:50,Ya,Ya,"Ya, setuju",6,5,7,5,5,6,5,3,4,4,3,1,2,2,7,2,2,2,2,2,3,3,7,6,5,5,6,5,5,4,5,5,4,4,5,4,4,4,5,4,3,3,4,4,4,3,1,5,19,2,99,99,45,65,31,43
29/01/2020 17:34:56,Ya,Ya,"Ya, setuju",6,5,7,5,5,6,5,3,4,4,3,1,2,2,7,2,2,2,2,2,3,3,7,6,5,5,6,5,5,4,5,5,4,4,5,4,4,4,5,4,3,3,4,4,4,3,1,5,19,2,99,99,45,65,31,43
29/01/2020 13:52:52,Ya,Ya,"Ya, setuju",6,6,3,7,6,2,7,1,5,4,5,7,5,1,1,4,5,4,5,1,1,3,1,1,3,5,4,2,1,1,5,5,5,3,5,3,5,5,5,4,4,2,3,4,3,2,4,5,19,2,99,99,40,63,42,18
29/01/2020 21:02:54,Ya,Ya,"Ya, setuju",4,7,5,4,5,5,7,1,6,6,1,1,1,1,4,4,4,6,5,5,6,5,2,3,3,3,3,3,5,3,4,5,5,5,4,4,4,5,4,5,4,4,4,4,4,5,1,2,19,2,99,99,43,70,43,25
29/01/2020 13:23:01,Ya,Ya,"Ya, setuju",3,7,4,5,1,2,3,5,2,1,3,3,3,2,2,2,4,4,4,4,5,3,3,4,6,4,4,1,1,1,3,3,3,4,5,2,4,3,3,3,4,2,2,3,3,3,3,7,19,1,99,99,30,50,39,24
28/01/2020 22:45:05,Ya,Ya,"Ya, setuju",4,4,6,4,3,4,5,3,3,6,5,5,6,6,5,6,6,6,5,5,5,6,7,6,7,7,6,3,1,2,5,4,5,5,4,4,5,5,3,4,5,5,4,4,5,4,3,6,19,1,99,1,37,71,66,39
29/01/2020 11:04:38,Ya,Ya,"Ya, setuju",4,1,4,1,1,1,7,1,1,4,1,4,4,2,1,1,1,1,3,1,1,3,1,1,7,4,5,1,1,1,3,3,3,3,1,1,1,1,1,1,1,1,1,1,1,1,1,7,19,1,99,99,18,24,23,21
29/01/2020 11:40:55,Ya,Ya,"Ya, setuju",6,6,6,6,6,6,6,2,6,6,6,6,6,6,6,6,6,6,6,6,6,6,6,6,6,6,6,6,6,6,4,4,4,4,4,4,4,4,4,4,4,4,4,4,4,4,1,7,19,2,99,99,50,64,72,48
28/01/2020 21:51:11,Ya,Ya,"Ya, setuju",4,3,5,4,4,5,4,4,6,4,3,4,6,3,2,6,5,5,4,3,5,4,4,4,6,4,4,2,2,2,3,4,4,4,3,1,3,5,3,3,3,3,3,3,4,5,3,6,19,2,3,2,39,54,50,28
28/01/2020 22:01:52,Ya,Ya,"Ya, setuju",3,4,4,5,4,3,5,3,3,6,6,4,5,4,3,3,4,4,2,2,4,4,4,6,5,5,4,3,1,3,3,3,3,4,3,2,3,4,3,4,3,3,4,3,4,3,1,3,19,1,3,2,35,52,45,31
28/01/2020 22:01:53,Ya,Ya,"Ya, setuju",3,5,5,5,4,4,4,4,5,5,4,3,4,5,4,4,5,5,4,4,4,5,4,6,6,5,5,4,2,2,4,5,4,3,4,2,3,4,4,4,2,3,4,3,3,3,3,3,19,2,3,2,40,55,51,34
28/01/2020 22:04:35,Ya,Ya,"Ya, setuju",1,4,1,7,4,4,6,2,4,4,4,4,3,3,3,4,4,5,4,1,1,1,4,1,1,1,1,1,1,1,3,3,5,5,5,3,5,5,5,5,3,1,3,5,5,3,1,1,19,1,3,2,31,64,37,11
28/01/2020 22:09:57,Ya,Ya,"Ya, setuju",5,5,5,6,4,5,4,4,4,4,4,5,4,4,4,4,4,5,4,4,4,5,4,3,6,4,4,4,4,3,4,4,4,4,4,3,3,4,4,4,4,3,2,3,4,3,1,5,19,1,3,2,42,57,51,32
28/01/2020 22:10:07,Ya,Ya,"Ya, setuju",6,5,6,5,5,5,4,4,5,6,5,5,5,5,4,5,5,5,6,3,5,4,5,5,5,4,6,3,2,3,5,5,5,4,4,4,4,5,5,5,4,5,5,5,5,5,1,3,19,2,3,2,47,75,57,33
28/01/2020 22:21:07,Ya,Ya,"Ya, setuju",4,6,4,6,5,5,5,3,4,5,6,6,7,5,5,6,7,7,3,3,6,5,5,7,6,4,4,3,3,3,4,3,4,4,4,4,4,4,3,3,4,3,4,4,4,3,1,1,19,2,3,2,42,59,66,35
28/01/2020 22:23:51,Ya,Ya,"Ya, setuju",5,5,5,5,5,4,4,4,4,5,5,5,6,5,5,5,5,6,5,5,5,5,6,5,6,6,6,6,5,5,5,5,5,5,4,5,4,4,4,3,3,4,1,5,4,4,3,5,19,2,3,2,42,65,62,45
28/01/2020 23:00:17,Ya,Ya,"Ya, setuju",5,6,4,6,5,2,4,4,2,1,3,3,4,3,3,3,4,4,3,2,2,2,2,5,6,3,3,4,2,5,4,4,5,5,5,5,5,5,5,5,4,3,2,4,4,5,4,6,19,2,3,2,35,70,36,30
29/01/2020 6:18:01,Ya,Ya,"Ya, setuju",7,5,5,7,7,5,6,2,5,7,7,7,7,6,4,6,6,7,7,7,7,7,7,4,7,4,7,5,4,4,5,5,5,5,5,3,5,5,5,4,5,4,4,5,5,5,1,5,19,2,3,2,50,75,78,42
29/01/2020 10:45:18,Ya,Ya,"Ya, setuju",6,6,6,7,4,5,4,4,2,4,7,7,7,7,7,7,7,7,7,4,6,4,4,1,7,1,6,5,4,4,4,5,5,3,4,4,5,4,4,4,5,5,5,4,5,4,4,5,19,1,3,2,44,70,77,32
29/01/2020 11:01:01,Ya,Ya,"Ya, setuju",4,5,4,7,4,3,5,3,6,4,3,4,4,4,4,4,3,4,4,7,5,4,5,6,5,5,5,4,1,1,3,3,4,3,4,3,3,3,3,3,4,2,4,2,3,3,3,5,19,2,3,2,40,50,50,32
29/01/2020 11:06:17,Ya,Ya,"Ya, setuju",4,3,2,6,1,3,3,5,3,2,3,3,3,3,4,4,4,4,4,3,4,4,4,4,4,2,3,1,1,1,4,4,4,3,4,1,3,5,3,2,3,2,4,3,4,2,3,5,19,2,3,2,29,51,43,20
29/01/2020 11:09:20,Ya,Ya,"Ya, setuju",4,6,6,7,4,2,4,4,4,4,2,4,4,4,4,4,4,6,4,4,4,4,7,4,7,4,4,4,4,4,5,5,5,3,5,5,3,3,4,5,5,3,4,4,5,4,3,5,19,2,3,1,41,68,48,38
29/01/2020 11:11:22,Ya,Ya,"Ya, setuju",1,2,3,6,2,1,6,2,1,1,3,4,4,2,3,2,2,4,3,1,2,1,4,4,3,2,1,1,1,1,4,4,4,4,2,1,4,3,3,2,2,2,5,3,4,2,4,5,19,2,3,2,19,49,31,17
29/01/2020 11:13:27,Ya,Ya,"Ya, setuju",3,6,6,3,5,5,2,6,5,6,5,5,2,6,6,6,6,6,4,3,5,5,2,4,7,4,4,4,1,2,4,4,3,3,4,1,4,4,4,4,4,3,2,5,5,4,3,5,19,2,3,2,45,58,59,28
29/01/2020 11:24:50,Ya,Ya,"Ya, setuju",2,6,3,6,3,4,6,2,4,6,4,5,3,3,2,2,2,3,4,2,3,5,2,2,5,5,4,3,1,1,5,4,4,4,4,4,4,4,4,5,5,4,3,4,5,4,3,5,19,2,3,2,36,67,38,23
29/01/2020 11:28:47,Ya,Ya,"Ya, setuju",4,5,5,6,3,4,4,4,4,5,5,6,5,3,2,4,4,4,4,4,5,4,5,4,5,4,4,3,2,2,4,4,5,3,4,2,5,5,4,3,4,4,5,4,4,4,3,5,19,2,3,2,40,64,50,29
29/01/2020 11:45:05,Ya,Ya,"Ya, setuju",6,6,6,5,6,5,6,2,6,6,6,7,6,6,6,6,6,6,5,5,5,5,4,5,6,6,5,4,4,4,5,5,5,5,4,4,4,4,4,4,4,3,4,4,5,4,2,7,19,1,3,2,48,68,69,38
29/01/2020 11:51:12,Ya,Ya,"Ya, setuju",4,6,5,7,5,4,4,4,4,6,4,4,6,4,3,6,5,7,4,3,5,4,7,5,7,6,4,2,1,2,5,4,5,4,5,2,4,4,3,3,3,3,5,3,4,5,1,5,19,2,3,2,45,62,55,34
29/01/2020 11:58:00,Ya,Ya,"Ya, setuju",5,4,5,6,5,6,5,3,4,5,4,4,4,5,5,3,1,1,1,4,1,1,1,1,6,5,4,5,1,3,4,3,5,3,4,3,3,5,4,4,3,4,1,3,5,5,1,3,19,2,3,2,43,59,34,26
29/01/2020 12:04:22,Ya,Ya,"Ya, setuju",7,6,5,5,5,6,4,4,3,3,4,4,4,4,5,4,5,4,4,4,4,4,4,4,6,6,7,5,4,4,5,5,5,4,4,4,4,5,5,3,4,4,4,4,5,5,1,4,19,2,3,2,44,70,50,40
29/01/2020 12:16:19,Ya,Ya,"Ya, setuju",4,6,5,6,3,3,6,2,3,5,3,4,4,4,3,4,4,5,1,3,3,4,4,3,5,1,3,5,1,1,4,4,4,4,3,2,3,3,3,4,4,3,4,4,4,3,2,3,19,2,3,2,37,56,42,23
29/01/2020 12:23:55,Ya,Ya,"Ya, setuju",2,5,4,7,5,4,4,4,4,5,6,5,6,3,4,4,6,5,6,6,5,5,5,7,6,7,6,3,1,1,4,5,5,3,5,3,3,5,5,4,5,4,5,3,3,5,2,5,19,2,3,2,40,67,61,36
29/01/2020 12:31:38,Ya,Ya,"Ya, setuju",5,4,4,4,1,1,4,4,5,4,4,4,4,4,4,4,4,4,4,4,4,4,5,7,6,6,6,5,4,4,4,4,4,4,4,4,4,4,4,4,4,4,4,4,4,4,1,1,19,2,3,2,32,64,48,43
29/01/2020 12:37:37,Ya,Ya,"Ya, setuju",1,2,1,7,1,1,7,1,2,2,4,4,3,2,2,3,3,3,3,4,3,3,2,4,5,5,4,3,2,1,3,3,3,3,2,1,3,1,2,2,3,1,5,3,2,1,1,3,19,2,3,2,18,38,37,26
29/01/2020 12:48:27,Ya,Ya,"Ya, setuju",4,5,2,7,1,6,6,2,6,1,2,3,3,2,1,4,1,5,3,3,4,5,2,1,6,6,5,5,1,2,3,4,4,4,4,4,4,5,3,3,4,5,5,4,5,4,3,3,19,2,3,2,34,65,36,28
29/01/2020 12:48:51,Ya,Ya,"Ya, setuju",4,5,4,7,4,4,5,3,6,5,2,2,2,3,4,4,4,5,4,3,4,4,4,5,6,4,5,4,1,1,5,5,5,5,5,1,5,5,5,5,5,3,5,5,5,5,1,1,19,2,3,2,42,74,41,30
29/01/2020 12:55:13,Ya,Ya,"Ya, setuju",2,6,7,7,4,7,2,6,6,6,4,5,5,6,4,6,5,6,5,3,6,4,4,5,5,4,6,4,2,3,5,5,5,4,4,2,4,4,3,3,5,5,4,3,5,5,1,1,19,2,3,2,51,66,59,33
29/01/2020 13:12:19,Ya,Ya,"Ya, setuju",5,5,7,7,5,7,5,3,7,5,4,5,6,5,4,5,6,5,6,4,5,5,4,4,6,4,5,6,4,4,5,5,5,5,5,3,5,5,5,3,5,5,1,5,5,5,4,3,19,2,3,1,51,72,60,37
29/01/2020 13:23:35,Ya,Ya,"Ya, setuju",1,4,3,7,2,2,6,2,3,1,2,5,2,2,2,4,3,5,1,5,5,4,2,2,7,1,7,1,1,1,4,4,4,4,4,2,4,4,4,3,4,1,5,4,5,2,4,5,19,2,3,2,25,58,40,22
29/01/2020 13:28:22,Ya,Ya,"Ya, setuju",4,4,4,4,3,4,4,4,2,4,2,2,4,5,5,4,4,4,4,4,4,4,6,6,6,6,5,4,3,2,4,3,5,3,4,3,3,3,3,3,3,3,4,4,3,3,1,7,19,2,3,2,33,54,46,38
29/01/2020 13:33:03,Ya,Ya,"Ya, setuju",2,3,4,6,3,3,5,3,4,5,5,5,4,4,4,5,4,4,4,3,3,5,2,3,4,4,5,4,2,2,5,4,4,4,4,1,4,3,3,3,3,2,3,5,5,2,1,6,19,2,3,2,33,55,50,26
29/01/2020 13:58:29,Ya,Ya,"Ya, setuju",2,6,4,6,5,4,3,5,3,6,4,3,2,2,1,3,5,6,4,5,4,6,3,3,5,5,4,3,1,1,4,4,4,4,4,2,4,5,4,3,3,3,5,5,3,4,3,5,19,2,3,2,41,61,45,25
29/01/2020 14:11:22,Ya,Ya,"Ya, setuju",4,6,5,6,4,4,4,4,4,4,6,5,4,4,3,4,5,5,4,4,4,4,2,4,5,5,6,4,4,3,4,4,4,4,4,2,4,4,4,4,4,4,4,4,4,4,2,6,19,2,3,2,41,62,52,33
29/01/2020 14:15:23,Ya,Ya,"Ya, setuju",5,7,5,4,5,6,6,2,6,4,1,3,5,3,3,5,5,7,5,5,5,5,6,7,7,5,7,7,5,5,4,5,5,5,5,5,5,5,4,5,5,5,1,5,5,5,1,5,19,1,3,2,44,74,52,49
29/01/2020 15:35:40,Ya,Ya,"Ya, setuju",2,5,3,5,3,2,4,4,4,3,4,6,4,4,4,5,5,5,2,2,3,4,4,7,6,4,4,2,1,1,5,4,4,4,4,3,4,4,3,3,3,3,3,4,4,4,4,4,19,1,3,99,31,59,48,29
29/01/2020 15:40:05,Ya,Ya,"Ya, setuju",7,5,7,5,6,7,3,5,2,6,1,1,1,1,4,4,4,4,4,1,3,3,5,5,7,4,3,4,1,4,5,5,5,4,5,4,5,5,5,4,5,5,5,5,5,5,4,6,19,2,3,99,50,77,31,33
29/01/2020 15:40:45,Ya,Ya,"Ya, setuju",6,7,6,7,5,7,1,7,1,7,1,7,7,7,7,7,7,7,7,1,7,7,7,7,7,7,7,7,6,7,5,5,5,5,5,5,5,5,5,5,5,5,2,5,5,3,1,5,19,2,3,2,53,75,72,55
29/01/2020 17:53:22,Ya,Ya,"Ya, setuju",4,2,6,7,2,5,4,4,5,5,6,3,3,4,3,6,6,4,4,2,2,6,3,6,6,4,4,1,1,1,5,5,5,5,3,2,5,5,4,3,5,2,5,5,5,4,3,6,19,1,3,2,40,68,49,26
29/01/2020 18:04:34,Ya,Ya,"Ya, setuju",4,4,7,6,3,5,3,5,4,5,5,6,5,4,2,3,6,5,5,3,4,3,2,5,7,5,5,4,3,3,5,5,5,5,5,4,5,5,5,3,3,5,5,5,5,5,3,3,19,2,3,2,43,75,51,34
29/01/2020 18:27:13,Ya,Ya,"Ya, setuju",6,6,6,6,5,4,4,4,5,4,4,6,5,4,3,2,3,3,4,4,4,4,5,6,6,5,4,5,5,1,4,4,5,5,4,3,4,5,5,4,5,4,4,3,5,5,4,5,19,2,3,2,46,69,46,37
29/01/2020 19:14:01,Ya,Ya,"Ya, setuju",4,5,3,6,4,5,7,1,7,6,6,5,4,4,4,5,5,5,4,5,5,6,5,4,5,4,5,4,1,2,4,5,5,4,4,2,3,5,3,4,5,5,4,4,5,5,1,3,19,1,3,2,41,67,58,30
29/01/2020 19:29:15,Ya,Ya,"Ya, setuju",1,4,2,7,1,2,4,4,5,7,7,7,7,5,2,7,4,1,4,1,1,4,1,4,6,7,5,3,4,4,4,5,3,3,5,1,5,5,5,3,3,2,5,3,4,2,4,1,19,2,3,2,33,58,50,34
29/01/2020 19:50:57,Ya,Ya,"Ya, setuju",4,5,5,6,4,6,4,4,5,4,4,4,4,4,4,4,5,5,4,4,4,4,3,4,5,4,4,4,1,1,4,4,5,4,4,3,4,5,4,4,4,4,1,4,5,3,1,3,19,2,3,2,43,62,50,26
29/01/2020 20:32:21,Ya,Ya,"Ya, setuju",7,6,7,7,5,7,6,2,5,1,5,7,3,6,7,5,5,6,4,6,6,4,3,7,7,5,6,2,1,4,3,4,3,3,3,5,4,5,3,4,3,4,3,3,4,4,3,4,19,2,3,2,47,58,64,35
29/01/2020 22:32:38,Ya,Ya,"Ya, setuju",4,4,5,6,3,2,4,4,4,6,3,3,5,5,5,5,5,5,5,5,5,5,4,5,6,4,3,3,2,1,4,4,4,4,4,2,3,5,4,3,2,3,4,4,4,3,1,5,19,2,3,2,38,57,56,28
29/01/2020 23:36:26,Ya,Ya,"Ya, setuju",1,2,2,4,1,1,5,3,1,3,3,5,2,1,1,2,2,2,3,1,1,3,1,4,2,1,1,2,1,1,1,1,1,3,2,4,1,1,1,3,2,2,3,4,2,1,4,3,19,2,3,2,18,32,26,13
28/01/2020 22:12:11,Ya,Ya,"Ya, setuju",4,4,6,6,3,6,2,6,4,6,6,6,4,5,6,6,6,5,4,3,6,4,7,4,6,5,6,7,4,3,5,5,5,4,5,3,4,5,4,4,5,5,5,5,5,5,3,1,19,2,2,2,45,74,61,42
28/01/2020 22:35:09,Ya,Ya,"Ya, setuju",3,6,4,7,5,5,6,2,6,6,2,2,4,5,2,2,4,4,1,1,2,4,4,2,6,1,2,1,1,1,5,5,5,4,4,3,5,5,4,4,4,3,5,5,5,4,3,3,19,2,2,2,44,70,33,18
28/01/2020 22:52:06,Ya,Ya,"Ya, setuju",4,4,4,7,1,4,7,1,7,3,7,7,4,4,4,4,4,4,4,4,4,4,1,1,7,1,1,1,1,1,5,5,5,5,3,1,4,5,4,3,5,3,5,4,5,3,4,1,19,2,2,2,35,65,54,14
29/01/2020 11:19:50,Ya,Ya,"Ya, setuju",5,6,6,5,3,5,4,4,5,3,3,4,4,4,5,4,4,6,4,5,5,4,6,6,6,5,5,5,3,2,5,4,5,5,5,3,4,5,3,4,4,5,2,4,4,4,3,4,19,2,2,1,42,66,52,38
29/01/2020 11:22:29,Ya,Ya,"Ya, setuju",6,7,5,7,4,6,4,4,6,1,6,4,5,6,5,4,4,6,4,2,5,4,6,2,6,6,4,1,1,1,5,4,5,3,5,1,5,4,5,3,5,3,5,5,4,3,4,7,19,2,2,2,46,65,55,27
29/01/2020 11:23:49,Ya,Ya,"Ya, setuju",1,4,5,6,3,3,6,2,6,6,6,4,4,2,2,4,6,6,1,1,1,4,1,1,6,1,4,3,1,1,5,5,5,5,4,2,4,5,3,4,3,4,5,4,3,3,1,6,19,2,2,2,36,64,41,18
29/01/2020 11:26:02,Ya,Ya,"Ya, setuju",5,5,4,7,4,4,7,1,4,4,4,5,3,3,3,3,4,3,3,2,2,3,2,4,3,4,3,2,1,1,5,5,5,5,4,2,4,4,4,4,3,3,4,4,4,4,4,3,19,2,2,1,38,64,38,20
29/01/2020 12:02:53,Ya,Ya,"Ya, setuju",3,5,5,6,3,3,5,3,4,4,2,3,4,3,4,4,4,4,2,3,4,4,2,1,5,3,4,5,3,3,5,4,5,2,5,2,4,5,5,4,4,4,1,5,5,5,3,6,19,2,2,1,36,65,41,26
29/01/2020 12:21:11,Ya,Ya,"Ya, setuju",3,5,5,6,3,3,3,5,5,5,6,5,5,5,5,6,6,6,6,5,6,6,6,6,7,5,6,7,6,6,5,4,5,5,5,2,4,3,4,4,5,3,4,5,5,5,1,5,19,2,2,2,40,68,67,49
29/01/2020 13:45:47,Ya,Ya,"Ya, setuju",4,2,4,6,2,2,3,5,4,5,7,6,6,4,3,3,3,4,4,2,3,4,1,5,5,4,3,1,1,1,5,5,4,4,3,1,3,5,3,2,2,3,5,5,5,3,1,7,19,2,2,2,34,58,49,21
29/01/2020 16:26:29,Ya,Ya,"Ya, setuju",4,4,7,6,4,4,6,2,4,4,7,7,7,7,7,7,7,7,7,7,7,6,5,4,5,5,5,1,1,4,5,5,5,5,5,5,5,5,3,4,5,5,5,5,5,5,3,5,19,2,2,1,39,77,83,30
29/01/2020 19:31:07,Ya,Ya,"Ya, setuju",6,5,7,6,6,5,3,5,5,2,5,5,5,5,6,6,5,6,5,5,5,5,5,4,6,3,2,4,1,3,4,4,4,4,4,2,4,4,4,4,4,3,3,4,4,4,1,5,19,2,2,1,47,60,63,28
29/01/2020 19:51:26,Ya,Ya,"Ya, setuju",3,3,6,7,3,5,4,4,6,4,4,3,5,4,4,5,5,5,4,4,4,4,4,3,5,4,5,4,2,4,4,4,5,5,5,4,5,5,5,4,5,4,5,5,5,5,1,3,19,2,2,2,41,75,51,31
29/01/2020 20:09:42,Ya,Ya,"Ya, setuju",4,4,5,6,4,5,4,4,4,5,5,5,5,4,4,5,6,5,4,3,3,4,4,2,3,1,4,3,1,1,4,4,5,3,3,3,4,4,4,3,3,4,2,3,3,4,1,5,19,2,2,2,41,56,53,19
29/01/2020 20:11:48,Ya,Ya,"Ya, setuju",4,6,3,5,3,5,5,3,6,5,4,5,5,4,5,4,5,5,5,3,4,4,4,3,6,4,5,3,1,1,5,5,5,4,4,3,5,5,4,4,3,3,4,4,4,4,1,5,19,2,2,2,40,66,53,27
29/01/2020 20:44:24,Ya,Ya,"Ya, setuju",4,6,4,7,4,4,6,2,7,4,4,4,4,4,4,4,5,5,4,5,6,4,7,4,4,4,4,3,4,5,3,3,5,3,5,5,5,5,5,4,4,3,4,3,4,5,3,6,19,2,2,2,42,66,53,35
29/01/2020 22:11:14,Ya,Ya,"Ya, setuju",3,5,6,6,3,3,5,3,5,4,7,6,6,7,5,6,6,6,5,3,5,5,5,3,5,3,5,4,4,3,5,5,5,5,5,1,5,5,4,2,4,3,4,5,5,5,1,3,19,2,2,1,38,68,67,32
29/01/2020 6:16:57,Ya,Ya,"Ya, setuju",5,6,7,4,5,5,4,4,7,6,7,7,5,5,4,6,7,7,5,5,7,6,4,5,7,3,4,5,4,3,4,4,5,5,5,2,4,5,4,2,4,5,4,5,4,4,3,6,19,2,1,2,49,66,71,35
29/01/2020 9:58:44,Ya,Ya,"Ya, setuju",4,6,4,6,2,4,7,1,4,3,5,5,5,3,4,4,6,5,4,2,3,3,4,1,7,2,4,3,2,1,4,4,4,5,3,1,5,3,4,5,3,4,5,5,3,4,1,3,19,1,1,2,34,62,49,24
29/01/2020 11:23:01,Ya,Ya,"Ya, setuju",4,7,6,5,4,4,4,4,7,5,4,5,5,4,4,5,7,6,4,3,5,4,6,6,7,5,4,3,1,2,4,4,5,5,4,3,5,5,4,3,5,4,4,4,5,5,1,3,19,2,1,2,46,69,56,34
29/01/2020 11:43:16,Ya,Ya,"Ya, setuju",2,5,3,6,3,6,5,3,4,3,4,5,3,3,3,4,5,5,4,2,4,4,5,3,6,6,5,4,2,2,5,4,5,5,5,3,4,3,3,4,4,2,4,4,4,4,3,5,19,2,1,2,35,63,46,33
29/01/2020 12:07:12,Ya,Ya,"Ya, setuju",3,7,7,7,4,5,3,5,5,7,4,6,5,2,2,2,4,4,4,2,4,2,4,6,7,4,7,2,2,2,5,5,5,4,4,3,5,5,5,4,4,4,5,5,5,5,4,5,19,2,1,2,50,73,41,34
29/01/2020 12:10:47,Ya,Ya,"Ya, setuju",4,6,7,6,6,5,2,6,4,6,6,2,5,4,4,2,2,2,6,1,2,2,4,7,6,3,6,6,6,6,5,5,5,5,5,1,5,3,3,3,4,4,2,3,4,4,1,5,19,2,1,2,50,61,38,44
29/01/2020 12:41:33,Ya,Ya,"Ya, setuju",1,4,2,5,1,1,6,2,3,3,4,1,3,5,3,2,4,5,2,1,2,3,2,1,3,1,1,4,1,1,3,5,3,1,2,2,4,3,5,4,2,2,2,5,3,4,1,4,19,2,1,2,22,50,35,14
29/01/2020 12:58:44,Ya,Ya,"Ya, setuju",5,4,5,3,3,3,3,5,6,3,5,4,3,3,4,4,5,5,4,5,3,4,5,6,7,2,6,1,1,1,4,4,5,5,3,2,4,5,4,4,4,3,5,5,5,4,1,6,19,1,1,2,37,66,49,29
29/01/2020 13:04:08,Ya,Ya,"Ya, setuju",7,5,6,6,5,6,6,2,6,3,4,5,3,7,7,7,7,7,4,5,7,7,7,2,7,1,7,7,4,4,5,5,5,5,5,3,5,5,5,4,4,4,5,5,5,5,1,3,19,1,1,2,46,75,70,39
29/01/2020 13:27:07,Ya,Ya,"Ya, setuju",5,5,7,7,4,7,5,3,6,6,6,5,6,5,6,6,6,6,4,5,5,4,5,6,7,7,6,6,3,3,5,3,5,5,4,4,5,5,5,4,3,4,4,5,5,5,1,4,19,1,1,1,50,71,64,43
29/01/2020 14:39:28,Ya,Ya,"Ya, setuju",5,7,7,7,5,7,4,4,5,4,3,3,3,3,6,5,3,3,3,4,4,4,4,3,7,4,4,2,3,3,5,5,5,5,5,4,5,5,5,5,5,5,4,5,5,5,3,3,19,2,1,2,51,78,44,30
29/01/2020 17:36:52,Ya,Ya,"Ya, setuju",5,7,7,7,7,5,6,2,7,3,6,6,4,5,6,5,6,6,6,5,7,6,7,6,7,6,7,5,5,5,4,4,4,4,3,3,3,5,4,4,4,5,5,5,4,4,1,4,19,1,1,2,50,65,68,48
29/01/2020 11:25:10,Ya,Ya,"Ya, setuju",6,6,3,7,6,3,6,2,1,6,2,2,4,6,6,5,2,6,4,4,6,4,6,6,6,6,6,2,2,2,4,4,4,3,4,1,3,4,4,1,4,2,3,5,5,5,3,6,20,2,99,99,40,56,51,36
29/01/2020 12:12:16,Ya,Ya,"Ya, setuju",4,4,5,7,3,4,2,6,5,5,5,4,3,2,1,3,4,2,1,1,2,1,1,1,5,1,1,3,1,1,4,5,5,5,5,1,5,3,5,5,5,5,5,5,5,4,1,3,20,1,99,99,43,72,29,14
29/01/2020 12:11:22,Ya,Ya,"Ya, setuju",3,5,2,6,3,3,2,6,4,4,6,6,5,4,3,3,3,7,2,1,2,3,3,3,6,2,2,2,1,1,1,2,3,3,3,2,3,3,4,4,5,3,4,5,5,1,1,4,20,1,99,99,36,51,45,20
29/01/2020 13:50:43,Ya,Ya,"Ya, setuju",6,6,5,7,1,1,4,4,3,5,5,4,4,7,4,4,5,7,5,2,5,5,5,4,7,4,4,1,1,1,5,4,5,5,3,1,2,2,3,4,5,2,5,5,5,3,3,5,20,2,99,99,38,59,57,27
29/01/2020 11:22:38,Ya,Ya,"Ya, setuju",2,3,2,5,3,1,6,2,3,4,3,4,4,4,2,3,4,4,4,2,4,5,2,4,5,4,4,3,2,2,2,2,5,4,3,2,3,1,3,2,2,1,4,1,3,1,4,6,20,2,99,99,25,39,43,26
28/01/2020 21:57:50,Ya,Ya,"Ya, setuju",3,3,1,6,4,2,5,3,4,4,3,4,2,3,1,4,4,4,1,1,3,3,1,2,5,1,1,2,1,1,3,4,5,5,3,4,3,2,3,2,3,2,4,5,3,3,4,4,20,1,3,2,30,54,33,14
28/01/2020 22:02:59,Ya,Ya,"Ya, setuju",4,5,3,7,5,5,5,3,7,5,5,4,4,2,3,4,2,3,1,4,1,3,1,3,4,1,3,1,1,1,5,4,5,3,4,3,4,4,4,1,2,1,5,4,3,4,2,5,20,2,3,2,44,56,36,15
28/01/2020 22:03:22,Ya,Ya,"Ya, setuju",7,7,7,5,3,7,6,2,7,5,6,7,6,4,6,6,7,6,6,4,4,5,7,7,7,7,7,5,5,5,5,5,5,5,5,2,5,5,5,4,5,5,5,5,5,5,1,5,20,1,3,2,50,76,67,50
28/01/2020 22:06:41,Ya,Ya,"Ya, setuju",6,6,6,6,5,6,5,3,4,5,6,6,6,5,4,4,4,5,4,5,4,4,6,3,6,6,6,4,4,2,5,4,5,5,3,1,4,5,4,3,4,4,4,4,4,4,4,5,20,2,3,2,47,63,57,37
28/01/2020 22:12:11,Ya,Ya,"Ya, setuju",4,4,5,5,4,6,5,3,4,5,6,5,4,4,5,4,5,5,4,3,4,3,6,5,5,4,4,2,2,2,5,4,5,5,4,2,4,5,3,3,3,4,2,2,4,4,3,6,20,2,3,2,40,59,52,30
28/01/2020 22:17:27,Ya,Ya,"Ya, setuju",5,4,5,5,4,4,4,4,5,5,5,5,5,4,4,4,5,5,5,4,4,4,5,4,5,4,5,4,4,4,5,4,5,5,5,4,4,4,4,4,4,4,4,4,5,4,1,3,20,2,3,2,41,69,54,35
28/01/2020 22:22:52,Ya,Ya,"Ya, setuju",6,6,5,7,4,4,6,2,4,6,6,5,4,4,4,5,5,6,4,3,5,5,4,2,7,6,5,3,1,3,4,4,4,5,3,2,3,3,3,2,4,3,5,4,4,3,1,5,20,2,3,2,44,56,56,31
29/01/2020 4:09:27,Ya,Ya,"Ya, setuju",6,5,6,7,4,4,3,5,4,5,5,4,4,4,2,4,5,4,4,3,4,4,4,4,5,4,5,5,2,2,4,4,5,4,4,3,4,5,5,3,3,4,5,5,5,5,1,5,20,2,3,1,46,68,47,31
29/01/2020 5:44:05,Ya,Ya,"Ya, setuju",4,6,4,7,6,7,2,6,4,4,4,4,5,5,4,5,4,4,5,4,4,4,4,4,7,3,5,2,2,1,4,4,5,4,4,4,4,5,4,5,5,5,4,5,4,4,1,3,20,1,3,2,48,70,52,28
29/01/2020 6:59:26,Ya,Ya,"Ya, setuju",5,4,6,6,5,4,4,4,5,4,6,5,5,5,4,5,5,5,5,4,5,6,5,6,6,4,6,3,3,3,5,5,5,5,3,1,4,5,3,4,3,5,4,4,5,5,1,5,20,2,3,2,43,66,60,36
29/01/2020 7:22:38,Ya,Ya,"Ya, setuju",1,6,1,7,3,3,4,4,5,1,5,6,4,4,2,4,5,4,3,2,5,4,2,5,5,4,4,3,3,1,4,4,5,5,4,2,3,4,3,4,3,3,4,4,3,3,3,5,20,2,3,2,31,58,48,27
29/01/2020 7:39:49,Ya,Ya,"Ya, setuju",3,4,4,5,4,4,5,3,5,4,5,5,5,5,3,4,4,3,3,2,2,3,2,2,5,1,2,1,1,1,5,4,5,4,4,1,4,3,4,4,3,2,3,4,3,3,1,5,20,2,3,2,36,56,44,15
29/01/2020 7:40:16,Ya,Ya,"Ya, setuju",4,4,2,4,1,4,6,2,2,3,4,4,4,3,3,4,4,6,4,1,2,4,2,3,4,1,2,1,1,1,3,3,1,3,3,1,3,3,3,1,2,1,3,1,3,1,1,1,20,2,3,2,26,35,43,15
29/01/2020 7:43:08,Ya,Ya,"Ya, setuju",5,3,4,5,5,5,3,5,3,4,4,5,4,2,1,3,2,2,2,1,2,3,2,2,4,3,2,1,1,1,2,3,3,4,3,1,3,1,3,3,3,3,4,3,3,3,2,1,20,2,3,2,39,45,31,16
29/01/2020 8:16:23,Ya,Ya,"Ya, setuju",6,6,7,6,4,6,6,2,6,6,6,6,6,7,6,6,6,6,6,5,5,6,6,4,5,4,7,5,4,5,5,5,5,5,5,3,5,5,5,5,5,5,5,5,5,5,2,3,20,2,3,2,49,78,71,40
29/01/2020 9:02:21,Ya,Ya,"Ya, setuju",5,6,5,7,3,3,5,3,3,5,4,5,2,2,3,5,5,4,3,3,3,3,2,4,5,3,3,1,1,1,3,4,4,4,2,1,2,5,2,3,4,2,4,3,4,3,3,6,20,2,3,2,40,50,42,20
29/01/2020 9:53:56,Ya,Ya,"Ya, setuju",6,7,4,7,5,6,3,5,5,2,3,1,3,2,2,4,1,2,3,4,3,4,5,4,4,4,2,2,2,3,5,5,5,5,4,5,4,4,4,5,5,5,2,4,4,4,3,3,20,2,3,2,47,70,32,26
29/01/2020 10:00:39,Ya,Ya,"Ya, setuju",4,6,5,5,4,4,4,4,5,3,3,4,4,4,4,2,5,5,4,5,5,5,2,2,7,2,3,2,2,2,4,4,4,4,4,2,3,5,5,2,3,3,5,5,5,5,3,6,20,1,3,2,40,63,50,22
29/01/2020 10:03:06,Ya,Ya,"Ya, setuju",1,2,1,5,2,4,5,3,3,1,3,3,3,3,3,3,5,3,3,2,2,2,1,6,5,1,1,2,1,1,4,4,4,4,2,1,3,2,1,2,3,2,5,2,1,2,1,5,20,2,3,2,22,42,35,18
29/01/2020 10:13:48,Ya,Ya,"Ya, setuju",1,4,1,4,1,1,7,1,1,1,1,1,2,3,1,1,1,1,1,1,1,1,1,1,4,1,1,1,1,1,3,2,2,4,2,1,1,1,1,1,1,2,5,1,1,1,4,5,20,2,3,2,15,29,15,11
29/01/2020 10:29:08,Ya,Ya,"Ya, setuju",7,7,6,7,4,4,3,5,4,3,3,5,5,3,4,3,5,5,4,2,4,4,3,1,6,1,3,4,1,1,5,5,5,5,5,1,5,5,5,2,4,4,5,4,5,4,4,3,20,2,3,2,47,69,47,20
29/01/2020 10:31:29,Ya,Ya,"Ya, setuju",1,1,1,3,1,1,7,1,1,1,4,5,6,3,2,3,2,6,7,1,1,4,1,1,1,4,1,1,1,1,1,2,1,2,1,1,1,1,1,1,1,1,2,1,1,1,1,1,20,1,3,2,11,19,44,11
29/01/2020 10:32:33,Ya,Ya,"Ya, setuju",4,3,2,4,1,2,5,3,4,2,2,2,3,2,1,1,4,4,1,4,1,1,3,4,5,1,2,1,1,1,4,4,4,4,4,2,4,3,3,2,3,1,5,4,3,3,1,5,20,2,3,2,25,53,26,18
29/01/2020 10:40:32,Ya,Ya,"Ya, setuju",1,1,1,4,1,1,7,1,4,1,1,1,1,1,1,1,1,1,4,1,1,1,1,1,1,1,1,1,1,1,4,4,4,4,4,1,4,1,3,1,1,1,5,3,3,3,4,6,20,2,3,2,15,46,15,8
29/01/2020 10:50:56,Ya,Ya,"Ya, setuju",2,2,1,5,2,1,6,2,4,4,4,5,6,2,1,3,5,3,1,1,2,2,1,3,5,1,1,1,1,1,3,2,4,4,3,1,2,2,3,2,2,1,5,3,2,2,3,5,20,1,3,2,23,41,35,14
29/01/2020 10:56:45,Ya,Ya,"Ya, setuju",1,1,1,7,4,1,6,2,4,4,4,4,1,1,1,1,1,1,1,1,1,1,1,4,1,1,1,1,1,1,2,3,3,3,3,1,3,1,1,3,3,1,4,3,3,3,1,5,20,2,3,2,25,40,18,11
29/01/2020 11:03:14,Ya,Ya,"Ya, setuju",7,7,5,7,4,6,6,2,7,2,7,7,7,6,5,6,7,7,7,7,7,7,5,5,7,7,6,7,7,4,5,3,5,5,5,2,5,5,5,4,4,3,5,3,4,3,1,4,20,2,3,1,47,66,80,48
29/01/2020 11:05:02,Ya,Ya,"Ya, setuju",6,3,4,6,4,5,4,4,6,3,5,5,5,5,4,5,5,4,4,4,6,5,5,5,5,6,5,4,3,3,4,4,4,4,4,2,3,5,3,2,4,3,3,3,3,3,1,6,20,2,3,2,41,54,57,36
29/01/2020 11:07:25,Ya,Ya,"Ya, setuju",2,6,2,7,5,4,6,2,5,3,5,5,3,3,6,4,3,5,5,2,3,3,3,2,7,3,3,1,1,1,4,4,5,5,4,1,4,5,3,4,5,3,2,5,5,4,3,3,20,2,3,2,36,63,47,21
29/01/2020 11:07:33,Ya,Ya,"Ya, setuju",2,4,2,6,3,3,4,4,4,5,6,5,4,4,3,5,4,5,4,2,4,4,4,7,7,6,4,4,1,1,4,4,5,5,3,1,5,5,3,2,3,2,5,5,5,3,1,1,20,2,3,2,33,60,50,34
29/01/2020 11:11:43,Ya,Ya,"Ya, setuju",4,2,3,7,3,3,5,3,3,3,5,3,3,3,4,3,5,6,3,3,4,3,4,5,6,6,4,1,1,1,5,5,5,3,3,2,5,5,4,5,5,4,5,5,4,4,4,1,20,2,3,2,31,69,45,28
29/01/2020 11:21:38,Ya,Ya,"Ya, setuju",1,4,7,6,2,4,5,3,5,3,6,6,4,4,4,4,4,4,4,4,4,4,2,4,6,4,4,4,2,2,5,5,5,5,5,4,4,5,5,5,5,5,5,5,5,5,3,5,20,2,3,1,35,78,52,28
29/01/2020 11:24:42,Ya,Ya,"Ya, setuju",7,6,7,7,7,7,2,6,4,5,5,5,5,5,5,5,5,5,4,6,5,4,5,4,7,5,5,4,4,4,5,5,5,5,5,1,5,5,5,4,4,5,5,4,5,5,4,6,20,2,3,2,56,73,59,38
29/01/2020 11:29:51,Ya,Ya,"Ya, setuju",1,7,3,6,6,1,4,4,6,6,4,6,5,3,4,3,7,3,1,2,2,5,2,2,6,4,3,1,1,1,3,3,3,3,5,5,3,5,3,2,5,3,5,5,3,3,1,3,20,1,3,2,40,59,45,20
29/01/2020 11:45:50,Ya,Ya,"Ya, setuju",7,7,5,7,4,5,4,4,4,4,2,3,3,4,1,1,1,1,1,5,1,3,4,7,4,4,4,4,4,4,5,5,5,3,1,3,3,4,4,3,3,3,4,4,4,4,4,4,20,2,3,1,47,58,26,35
29/01/2020 11:46:03,Ya,Ya,"Ya, setuju",5,5,5,7,5,4,5,3,4,4,5,4,4,4,4,4,4,4,4,4,4,4,7,5,7,7,5,4,2,3,5,4,5,4,4,3,4,3,3,2,3,3,4,2,4,3,4,6,20,2,3,2,42,56,49,40
29/01/2020 11:47:09,Ya,Ya,"Ya, setuju",4,7,7,5,3,3,7,1,4,5,4,6,4,4,3,2,4,3,3,5,3,5,6,5,5,6,6,5,6,6,4,4,5,4,4,4,4,4,4,3,5,4,4,4,4,4,1,5,20,2,3,2,39,65,46,45
29/01/2020 11:49:52,Ya,Ya,"Ya, setuju",5,3,5,6,5,5,3,5,4,4,6,6,5,5,2,4,5,5,5,2,2,5,4,6,6,5,5,2,2,2,4,4,4,4,4,2,4,4,4,4,4,3,4,3,4,3,1,4,20,2,3,2,42,59,52,32
29/01/2020 12:06:21,Ya,Ya,"Ya, setuju",5,6,6,7,4,6,3,5,6,4,6,6,6,6,7,6,6,6,6,6,6,6,6,7,6,5,5,5,5,4,5,5,5,4,4,3,5,4,4,4,4,4,4,4,4,5,3,7,20,2,3,2,49,68,73,43
29/01/2020 12:26:14,Ya,Ya,"Ya, setuju",3,4,2,4,3,2,5,3,3,4,3,4,1,1,1,1,4,1,2,1,1,1,1,2,5,1,2,1,1,1,4,3,3,3,4,3,3,3,3,4,3,2,5,3,3,3,1,5,20,2,3,2,28,52,21,14
29/01/2020 12:33:44,Ya,Ya,"Ya, setuju",4,3,2,6,2,2,6,2,4,5,5,5,5,3,2,3,6,6,5,2,3,3,4,3,6,5,2,1,1,1,5,5,5,5,5,3,5,5,4,3,2,1,3,5,5,4,2,5,20,2,3,2,30,65,48,23
29/01/2020 12:53:28,Ya,Ya,"Ya, setuju",5,7,4,5,4,2,4,4,3,1,3,3,3,3,4,4,4,4,7,7,7,4,6,7,7,7,7,1,4,4,5,5,5,5,5,2,5,5,5,3,3,1,5,5,5,5,3,4,20,2,3,2,35,69,53,43
29/01/2020 12:53:52,Ya,Ya,"Ya, setuju",5,5,3,6,2,2,6,2,4,4,5,6,5,4,4,3,3,4,4,3,3,6,3,4,4,5,5,2,2,2,4,4,4,4,3,1,3,4,3,3,3,3,3,3,3,3,1,1,20,2,3,2,33,51,50,27
29/01/2020 13:06:57,Ya,Ya,"Ya, setuju",1,5,1,7,5,1,5,3,4,5,7,5,3,1,1,5,3,3,4,1,3,4,2,5,6,1,1,3,1,1,2,3,3,4,3,1,3,2,3,2,3,1,4,3,3,3,4,7,20,2,3,2,32,43,40,20
29/01/2020 13:08:39,Ya,Ya,"Ya, setuju",1,3,1,4,3,3,1,7,3,4,4,4,4,3,1,3,4,4,4,2,3,4,1,2,4,4,4,4,3,2,3,4,3,3,1,1,1,2,3,2,2,1,5,1,3,2,1,3,20,2,3,2,29,37,40,24
29/01/2020 13:14:29,Ya,Ya,"Ya, setuju",6,4,3,3,2,3,6,2,4,4,3,3,4,3,3,4,4,5,2,2,2,5,3,3,6,1,2,2,1,1,4,3,4,4,4,1,4,5,3,3,1,3,4,5,3,3,1,5,20,2,3,2,31,54,40,19
29/01/2020 13:23:17,Ya,Ya,"Ya, setuju",5,7,6,4,6,4,4,4,3,1,3,4,5,4,2,4,4,3,5,3,5,6,1,4,5,4,2,1,1,1,5,5,4,3,4,3,4,5,4,4,4,3,3,3,5,4,3,3,20,2,3,2,40,63,48,19
29/01/2020 13:52:38,Ya,Ya,"Ya, setuju",4,4,3,5,3,3,5,3,2,1,4,4,4,2,2,2,2,5,4,2,2,5,6,7,6,5,4,1,1,1,5,4,5,5,4,2,3,5,4,1,3,3,4,5,4,4,1,3,20,2,3,2,28,61,38,31
29/01/2020 14:45:28,Ya,Ya,"Ya, setuju",6,6,3,7,4,3,4,4,6,4,4,4,4,2,1,2,4,2,4,1,2,4,4,4,6,4,4,4,1,1,4,5,5,4,5,4,4,5,4,4,4,3,5,4,4,4,3,6,20,2,3,2,43,68,34,28
29/01/2020 15:30:17,Ya,Ya,"Ya, setuju",4,4,4,5,4,4,5,3,4,3,4,4,4,4,4,4,4,4,4,4,4,4,4,4,4,4,4,4,4,4,3,3,3,3,3,3,3,3,3,3,3,3,3,3,3,3,1,5,20,2,3,2,35,48,48,32
29/01/2020 15:33:16,Ya,Ya,"Ya, setuju",1,1,4,6,1,1,7,1,1,1,6,6,6,2,2,5,5,5,5,2,5,5,1,3,6,2,5,4,1,2,5,5,5,5,5,2,5,5,3,4,3,1,5,3,3,3,1,5,20,1,3,2,17,62,54,24
29/01/2020 15:47:07,Ya,Ya,"Ya, setuju",4,4,4,6,4,3,4,4,4,5,4,5,4,4,4,3,4,4,4,4,2,4,4,4,5,4,4,3,3,4,4,4,3,3,3,1,3,2,3,1,4,2,4,3,3,3,1,7,20,2,3,2,38,46,46,31
29/01/2020 15:48:58,Ya,Ya,"Ya, setuju",4,5,5,4,3,2,4,4,4,3,4,2,2,2,2,3,2,2,2,2,2,2,2,3,4,3,3,3,2,2,4,3,5,3,3,2,3,5,4,3,2,3,3,3,4,3,1,5,20,1,3,2,34,53,27,22
29/01/2020 15:57:59,Ya,Ya,"Ya, setuju",4,7,4,5,2,4,2,6,3,7,4,7,7,7,7,7,7,7,4,7,7,7,7,7,5,7,7,6,6,6,4,4,4,4,5,5,4,3,4,2,4,5,5,5,5,5,1,1,20,1,3,2,42,68,78,51
29/01/2020 16:44:36,Ya,Ya,"Ya, setuju",5,7,5,7,6,5,2,6,7,4,6,6,7,7,7,7,7,7,7,7,7,7,7,6,7,3,7,5,4,4,5,5,5,4,5,3,5,5,4,4,4,4,5,5,5,5,1,4,20,2,3,1,52,73,82,43
29/01/2020 17:27:25,Ya,Ya,"Ya, setuju",6,6,6,4,2,6,6,2,7,4,3,4,6,2,4,6,6,4,4,3,3,4,2,1,7,1,5,5,2,4,5,5,5,5,5,2,5,5,5,5,4,3,5,5,5,5,1,5,20,2,3,2,43,74,49,27
29/01/2020 18:28:59,Ya,Ya,"Ya, setuju",4,3,5,7,3,6,5,3,3,3,2,6,4,4,2,6,6,6,5,2,4,5,2,3,5,4,6,5,5,4,4,3,5,5,4,2,3,5,3,4,4,3,4,4,5,4,4,6,20,2,3,2,37,62,52,34
29/01/2020 18:48:37,Ya,Ya,"Ya, setuju",3,2,1,1,2,1,3,5,2,5,5,6,5,3,3,4,4,4,5,1,2,5,5,6,7,2,5,7,3,3,5,5,5,5,5,1,5,5,5,3,5,4,5,5,5,5,2,3,20,1,3,2,22,73,47,38
29/01/2020 18:54:19,Ya,Ya,"Ya, setuju",6,5,4,6,5,5,4,4,5,5,5,6,4,5,5,6,7,5,6,4,5,6,5,6,6,7,5,4,2,2,3,3,4,5,3,4,4,4,4,3,3,2,5,4,4,3,1,5,20,2,3,2,45,58,64,37
29/01/2020 19:02:59,Ya,Ya,"Ya, setuju",4,4,4,5,4,4,6,2,4,4,4,4,4,4,4,4,4,4,4,4,4,4,4,4,4,4,4,1,1,1,4,4,3,3,3,1,3,3,3,1,3,2,3,3,2,3,3,3,20,2,3,2,35,44,48,23
29/01/2020 19:03:06,Ya,Ya,"Ya, setuju",4,6,7,6,3,3,6,2,7,5,7,5,7,5,5,4,4,5,4,5,6,4,5,5,7,3,6,5,3,4,5,3,5,4,4,3,4,4,3,4,2,3,4,4,5,3,1,6,20,2,3,2,43,60,61,38
29/01/2020 23:43:39,Ya,Ya,"Ya, setuju",6,7,6,7,5,5,6,2,5,3,6,6,6,5,5,5,5,6,5,3,4,5,4,3,5,3,4,3,2,3,5,5,5,4,4,3,5,5,4,3,2,2,2,1,4,4,3,5,20,1,3,2,46,58,61,27
28/01/2020 22:15:51,Ya,Ya,"Ya, setuju",2,6,4,7,6,5,7,1,2,6,2,6,5,1,1,1,4,6,4,1,1,4,1,1,7,1,5,1,1,1,5,5,5,5,5,1,5,1,5,4,5,2,5,5,5,4,4,4,20,2,2,2,39,67,36,18
29/01/2020 5:18:30,Ya,Ya,"Ya, setuju",6,5,6,7,4,4,4,4,6,4,5,5,6,6,4,4,7,4,5,5,4,7,6,7,7,5,5,7,1,7,5,5,5,5,4,4,3,5,4,4,4,3,4,5,4,4,1,5,20,2,2,2,46,68,62,45
29/01/2020 11:52:39,Ya,Ya,"Ya, setuju",5,5,3,7,4,4,4,4,4,5,4,5,4,4,4,3,4,4,4,2,4,4,1,4,6,3,4,3,1,1,5,5,5,4,3,1,4,4,4,4,3,3,3,4,4,4,3,3,20,2,2,2,41,60,46,23
29/01/2020 12:31:02,Ya,Ya,"Ya, setuju",6,6,7,6,3,3,5,3,4,2,6,6,6,5,7,5,6,6,6,4,5,5,5,7,7,6,5,3,1,1,4,5,4,5,5,2,4,5,5,5,5,5,5,5,5,5,4,3,20,2,2,1,40,74,67,35
29/01/2020 13:07:07,Ya,Ya,"Ya, setuju",5,4,4,7,4,4,7,1,4,7,3,3,1,1,1,1,3,4,4,3,1,1,1,4,7,3,2,1,1,1,5,5,5,5,4,2,4,5,3,4,4,3,5,2,3,3,1,3,20,2,2,2,40,62,26,20
29/01/2020 13:38:56,Ya,Ya,"Ya, setuju",3,5,4,5,4,4,3,5,3,4,4,5,4,2,4,3,3,4,3,4,4,3,3,3,4,2,2,2,1,1,5,5,5,5,5,3,5,5,4,3,3,3,3,5,3,5,3,2,20,2,2,2,37,67,43,18
29/01/2020 16:24:37,Ya,Ya,"Ya, setuju",2,6,4,6,3,1,5,3,4,5,4,2,3,2,5,3,5,3,3,4,3,3,4,6,5,5,4,2,1,1,5,4,4,5,4,3,4,3,4,3,3,4,3,4,5,4,1,5,20,2,2,2,34,62,40,28
29/01/2020 17:56:52,Ya,Ya,"Ya, setuju",7,7,7,6,7,7,7,1,6,6,4,4,6,6,6,6,6,6,4,5,6,6,7,7,7,7,7,6,6,4,4,4,4,4,4,5,5,4,4,3,3,4,4,5,5,5,3,6,20,1,2,2,54,67,65,51
29/01/2020 17:59:05,Ya,Ya,"Ya, setuju",4,6,6,6,4,5,3,5,4,4,6,4,4,5,5,5,5,4,4,4,6,4,6,6,7,4,5,7,3,4,5,5,5,5,5,5,4,5,4,5,3,4,4,4,5,4,1,4,20,2,2,1,44,72,56,42
29/01/2020 19:09:39,Ya,Ya,"Ya, setuju",4,3,2,5,2,2,5,3,2,3,3,4,5,4,3,4,4,4,4,4,3,4,4,4,4,4,4,4,4,4,5,4,5,4,3,3,5,3,3,3,3,2,2,3,4,3,1,5,20,1,2,2,26,55,46,32
29/01/2020 20:00:23,Ya,Ya,"Ya, setuju",5,6,4,6,5,6,2,6,4,5,4,4,5,4,5,5,5,5,5,4,5,4,5,5,6,3,5,4,2,3,3,3,3,4,4,2,4,5,4,4,4,4,3,4,4,4,1,5,20,2,2,1,47,59,55,33
29/01/2020 11:09:24,Ya,Ya,"Ya, setuju",3,7,5,6,4,4,5,3,5,5,4,5,5,4,4,4,5,6,5,3,5,5,6,6,6,6,6,3,2,2,5,4,4,4,5,5,5,5,5,5,5,4,5,4,5,5,4,7,20,2,1,1,42,75,55,37
29/01/2020 11:10:56,Ya,Ya,"Ya, setuju",3,4,3,7,1,1,7,1,2,3,4,4,4,3,3,4,4,4,7,4,4,4,3,4,5,7,6,1,1,1,3,3,3,3,3,3,3,5,3,1,5,3,5,5,5,4,3,1,20,1,1,2,25,57,49,28
29/01/2020 11:41:42,Ya,Ya,"Ya, setuju",3,5,6,4,4,6,6,2,5,4,5,4,3,4,3,3,3,3,4,2,3,3,3,4,6,4,4,3,2,2,5,5,5,5,4,3,3,5,5,4,4,4,5,5,4,5,1,6,20,2,1,2,39,71,40,28
29/01/2020 12:17:26,Ya,Ya,"Ya, setuju",4,4,4,6,3,4,4,4,3,4,4,4,4,4,4,4,4,4,4,4,4,4,4,4,4,4,4,4,4,3,5,4,4,3,3,3,3,3,3,3,3,3,3,3,3,3,1,6,20,2,1,2,36,52,48,31
29/01/2020 12:41:57,Ya,Ya,"Ya, setuju",5,5,3,7,3,3,7,1,6,3,6,3,5,6,4,4,7,6,5,4,5,6,7,4,7,4,4,4,3,1,4,5,5,5,5,5,5,5,4,1,2,1,4,4,5,5,2,5,20,2,1,2,36,65,61,34
29/01/2020 13:46:28,Ya,Ya,"Ya, setuju",5,5,4,6,5,4,3,5,6,6,4,5,5,5,5,5,5,5,5,4,5,5,6,6,7,3,5,2,1,2,5,5,5,4,5,2,4,3,4,1,3,2,1,5,5,4,1,3,20,2,1,2,46,58,58,32
29/01/2020 14:02:20,Ya,Ya,"Ya, setuju",6,7,4,5,4,6,6,2,4,7,5,6,6,6,6,6,6,6,5,6,5,6,4,5,5,7,6,4,3,3,4,4,5,5,5,4,5,5,4,4,5,2,5,3,4,3,1,6,20,2,1,2,45,67,69,37
29/01/2020 14:02:23,Ya,Ya,"Ya, setuju",1,4,4,4,3,3,5,3,3,1,4,3,2,1,3,3,4,4,4,2,3,3,4,3,5,4,3,2,1,2,5,3,4,5,3,2,3,4,3,4,3,3,4,3,3,3,1,5,20,2,1,2,26,55,36,24
29/01/2020 14:19:33,Ya,Ya,"Ya, setuju",1,4,1,6,4,1,6,2,3,2,7,6,3,2,1,5,4,6,4,2,5,3,6,5,6,1,1,1,1,1,3,3,3,3,4,1,5,1,3,1,3,1,5,4,4,4,1,5,20,2,1,2,24,48,48,22
29/01/2020 15:14:38,Ya,Ya,"Ya, setuju",3,5,3,5,3,1,6,2,3,5,6,6,4,2,2,2,4,5,1,1,1,4,1,4,1,1,1,1,1,1,2,4,3,5,4,1,3,4,3,2,3,3,4,4,3,1,1,5,20,1,1,2,30,49,38,11
29/01/2020 18:14:17,Ya,Ya,"Ya, setuju",4,7,7,7,7,7,7,1,7,7,6,7,7,7,7,7,7,7,7,7,7,7,5,7,7,5,7,4,6,1,5,5,5,5,5,2,5,5,5,5,5,5,5,5,5,3,1,6,20,2,1,2,54,75,83,42
29/01/2020 19:52:32,Ya,Ya,"Ya, setuju",1,5,2,7,2,3,7,1,3,2,5,4,4,3,3,3,3,3,3,3,3,3,5,3,6,1,5,2,1,1,5,5,4,5,4,2,4,3,4,3,3,3,5,5,5,4,3,3,20,2,1,2,26,64,40,24
29/01/2020 11:17:47,Ya,Ya,"Ya, setuju",6,7,2,6,2,6,4,4,2,6,1,2,2,6,4,2,1,1,2,6,6,7,6,7,7,7,7,2,2,2,5,4,5,4,5,2,4,5,4,2,4,2,4,2,4,3,1,5,21,1,99,99,41,59,40,40
29/01/2020 13:28:22,Ya,Ya,"Ya, setuju",5,5,5,7,5,4,4,4,5,4,5,4,5,4,4,4,4,4,4,4,4,4,5,5,6,5,6,3,2,3,5,5,5,5,5,3,5,5,5,5,5,5,4,3,5,5,3,3,21,2,99,99,44,75,50,35
29/01/2020 11:41:03,Ya,Ya,"Ya, setuju",3,4,3,6,2,3,3,5,4,3,5,5,4,2,2,4,4,5,5,3,4,5,4,3,6,4,5,2,1,1,4,4,4,5,4,1,4,4,4,4,5,3,4,4,4,5,3,5,21,2,99,99,33,63,48,26
29/01/2020 15:22:20,Ya,Ya,"Ya, setuju",4,4,4,6,2,5,6,2,4,3,3,6,6,5,6,2,6,6,6,3,4,5,2,4,6,4,5,2,2,2,5,4,5,5,5,3,5,4,5,3,5,3,3,5,5,5,3,5,21,1,99,99,34,70,58,27
28/01/2020 22:14:59,Ya,Ya,"Ya, setuju",4,4,4,5,3,3,5,3,4,4,4,4,5,4,3,4,4,4,4,3,4,5,3,4,5,3,4,2,2,3,4,4,3,4,4,2,3,3,4,3,3,3,4,4,4,4,3,1,21,2,3,2,34,56,48,26
28/01/2020 22:18:42,Ya,Ya,"Ya, setuju",4,6,2,6,3,5,3,5,4,5,7,6,6,5,4,6,6,6,5,3,6,5,4,6,7,5,6,3,2,2,5,5,5,4,5,3,5,4,4,5,4,2,4,5,5,4,2,5,21,2,3,2,40,69,65,35
28/01/2020 23:18:32,Ya,Ya,"Ya, setuju",2,5,4,5,4,5,4,4,5,6,6,6,7,5,5,5,6,6,6,5,5,6,5,4,7,4,5,4,4,4,3,4,4,4,4,4,4,4,4,4,4,3,5,4,3,3,1,5,21,1,3,2,40,61,68,37
28/01/2020 23:53:19,Ya,Ya,"Ya, setuju",5,5,4,6,5,2,5,3,5,5,5,5,5,5,5,5,5,5,4,5,5,4,5,3,5,4,4,4,1,2,5,5,5,4,5,2,5,5,4,3,3,4,4,5,4,4,2,6,21,2,3,2,40,67,58,28
29/01/2020 5:31:16,Ya,Ya,"Ya, setuju",4,6,2,4,2,1,5,3,1,4,1,1,1,1,1,1,2,2,2,1,2,2,3,1,7,2,2,4,1,1,4,4,4,5,2,1,3,5,2,2,4,2,3,4,3,2,2,5,21,2,3,2,27,50,17,21
29/01/2020 5:40:37,Ya,Ya,"Ya, setuju",6,4,3,6,4,3,4,4,4,6,5,5,4,3,3,4,4,5,1,1,2,4,4,3,5,1,3,4,1,1,5,4,5,4,4,1,5,4,4,4,3,1,4,5,3,3,1,5,21,2,3,2,40,59,41,22
29/01/2020 5:55:22,Ya,Ya,"Ya, setuju",1,5,2,7,1,5,5,3,4,6,6,6,6,6,2,4,4,5,5,3,5,7,4,7,7,3,5,1,1,1,4,3,5,5,3,3,3,2,3,2,4,4,4,3,4,5,3,5,21,1,3,2,34,57,59,29
29/01/2020 8:21:15,Ya,Ya,"Ya, setuju",5,3,5,5,3,5,5,3,3,5,3,4,5,4,3,4,4,5,3,3,3,4,3,3,5,5,5,3,3,3,4,4,4,5,2,1,4,5,3,4,4,4,4,4,4,4,1,5,21,2,3,2,37,60,45,30
29/01/2020 8:25:31,Ya,Ya,"Ya, setuju",1,3,1,7,1,7,3,5,7,5,2,1,1,4,3,1,1,2,1,1,3,2,1,7,6,1,6,1,1,1,5,5,5,5,4,4,5,5,5,1,2,2,5,5,5,3,3,6,21,2,3,2,37,66,22,24
29/01/2020 8:29:23,Ya,Ya,"Ya, setuju",4,7,7,7,1,7,7,1,1,7,1,7,7,3,4,5,4,7,5,5,6,5,7,6,7,5,6,5,1,1,5,5,5,5,5,5,5,5,5,4,5,5,5,5,5,5,1,3,21,1,3,1,42,79,59,38
29/01/2020 9:16:51,Ya,Ya,"Ya, setuju",5,5,5,6,4,5,4,4,5,5,5,5,5,5,4,4,5,5,4,3,4,4,5,5,5,5,5,4,3,3,4,4,4,4,3,2,4,5,3,3,3,5,5,4,5,4,1,5,21,2,3,2,44,62,53,35
29/01/2020 9:31:39,Ya,Ya,"Ya, setuju",1,5,1,4,4,2,7,1,4,3,6,6,4,4,4,4,4,4,4,4,4,5,5,5,5,5,5,5,5,5,5,5,5,4,4,1,5,3,4,2,4,3,3,3,3,3,1,6,21,2,3,2,25,57,53,40
29/01/2020 9:37:29,Ya,Ya,"Ya, setuju",4,3,5,7,3,3,5,3,5,3,6,6,5,4,4,5,5,5,4,4,4,4,3,3,7,1,5,4,1,1,5,5,5,5,5,2,5,4,4,2,4,3,4,5,5,2,1,1,21,1,3,2,36,65,56,25
29/01/2020 9:44:48,Ya,Ya,"Ya, setuju",6,6,6,6,4,4,4,4,5,7,5,6,6,5,5,5,5,5,5,5,6,4,6,2,5,5,4,4,4,4,4,4,4,4,4,4,4,4,4,4,4,4,4,4,4,4,3,3,21,1,3,2,48,64,62,34
29/01/2020 10:19:25,Ya,Ya,"Ya, setuju",5,6,6,7,5,5,4,4,5,3,5,6,5,5,5,5,6,6,5,5,5,5,7,5,6,6,6,4,3,2,5,5,5,5,4,2,4,5,4,4,4,4,4,4,4,4,1,5,21,1,3,2,46,67,63,39
29/01/2020 10:28:42,Ya,Ya,"Ya, setuju",2,2,2,7,1,1,7,1,1,2,6,4,4,4,2,4,5,4,4,1,3,4,4,4,5,4,4,3,1,1,3,3,4,4,3,1,1,3,2,1,4,1,5,3,3,2,1,3,21,2,3,2,19,43,45,26
29/01/2020 10:34:41,Ya,Ya,"Ya, setuju",3,4,2,4,1,2,6,2,2,2,4,2,2,3,3,3,5,3,3,1,2,3,3,2,3,3,3,1,1,1,4,4,4,3,3,2,3,3,2,2,4,2,4,4,3,3,4,7,21,2,3,2,22,50,34,17
29/01/2020 11:02:21,Ya,Ya,"Ya, setuju",6,6,5,6,6,6,5,3,5,6,3,5,5,5,4,5,5,5,4,4,5,5,6,5,7,6,6,1,1,1,5,5,5,5,5,3,5,5,4,4,4,4,4,5,5,5,4,5,21,2,3,2,49,73,55,33
29/01/2020 11:02:40,Ya,Ya,"Ya, setuju",4,3,6,6,5,6,3,5,5,3,3,4,3,5,5,5,5,5,5,3,3,4,5,6,6,4,3,3,1,1,5,5,5,5,5,5,5,5,5,5,5,5,5,5,5,4,1,5,21,2,3,1,43,79,50,29
29/01/2020 11:02:44,Ya,Ya,"Ya, setuju",5,4,4,4,4,6,3,5,4,6,5,6,6,4,4,5,7,6,4,4,4,4,4,6,7,7,6,4,1,1,3,3,4,4,3,3,4,5,4,4,4,4,4,4,4,3,4,4,21,2,3,2,42,60,59,36
29/01/2020 11:03:38,Ya,Ya,"Ya, setuju",3,5,3,3,4,4,3,5,4,3,2,2,2,3,2,2,2,2,2,2,2,2,3,2,4,4,3,3,3,3,3,3,4,3,3,3,3,3,3,3,3,3,3,3,3,3,3,6,21,2,3,2,34,49,25,25
29/01/2020 11:04:06,Ya,Ya,"Ya, setuju",6,4,7,7,5,5,5,3,5,7,7,7,7,7,6,7,7,5,5,6,6,7,6,6,7,4,6,5,4,4,3,4,4,5,3,4,3,5,3,5,5,4,5,4,4,5,1,5,21,1,3,2,49,66,77,42
29/01/2020 11:06:14,Ya,Ya,"Ya, setuju",5,3,4,4,4,4,5,3,4,4,4,4,4,3,1,4,4,4,4,4,4,4,1,3,4,3,4,4,1,1,4,4,4,4,2,1,4,4,3,3,3,3,3,3,4,3,3,5,21,2,3,1,35,52,44,21
29/01/2020 11:06:37,Ya,Ya,"Ya, setuju",3,6,4,7,4,4,4,4,5,5,3,4,6,4,6,6,7,7,4,1,4,4,2,6,7,7,7,4,1,1,5,5,5,5,5,1,5,5,3,3,4,3,5,5,5,4,3,5,21,2,3,2,42,68,56,35
29/01/2020 11:09:34,Ya,Ya,"Ya, setuju",4,6,5,7,5,1,4,4,7,7,4,4,6,4,4,7,6,7,7,1,4,4,4,6,7,3,7,4,1,2,5,3,5,5,5,2,5,5,5,3,2,5,5,5,5,4,1,5,21,2,3,2,46,69,58,34
29/01/2020 11:12:31,Ya,Ya,"Ya, setuju",6,7,7,6,5,5,5,3,7,5,5,6,7,7,5,1,7,7,6,3,7,6,7,6,7,4,7,5,3,4,5,5,5,5,5,3,5,5,5,5,5,5,5,5,5,5,3,6,21,2,3,2,51,78,67,43
29/01/2020 11:26:19,Ya,Ya,"Ya, setuju",6,5,5,5,3,3,5,3,3,5,6,6,6,4,5,4,4,5,4,2,3,4,4,2,5,5,5,4,1,3,4,4,4,4,4,1,4,4,4,4,4,3,5,4,4,3,4,6,21,2,3,2,38,60,53,29
29/01/2020 11:39:30,Ya,Ya,"Ya, setuju",4,5,6,6,4,7,4,4,5,5,5,4,3,4,5,4,4,4,4,4,3,5,5,5,6,4,4,2,1,1,4,4,5,5,4,3,4,5,3,3,5,4,5,5,4,4,1,3,21,2,3,2,46,67,49,28
29/01/2020 11:42:55,Ya,Ya,"Ya, setuju",6,6,5,7,3,6,7,1,6,1,3,3,5,3,3,3,3,5,3,2,3,3,3,4,5,1,5,4,1,4,4,4,5,5,4,4,4,3,4,5,4,4,5,5,5,3,2,5,21,2,3,2,41,68,39,27
29/01/2020 12:41:44,Ya,Ya,"Ya, setuju",1,5,4,5,2,3,5,3,4,5,3,3,3,3,2,4,4,4,4,2,4,4,3,3,7,4,3,3,2,1,5,4,5,5,4,3,5,5,4,4,4,3,5,5,5,3,1,1,21,1,3,2,32,69,40,26
29/01/2020 13:02:08,Ya,Ya,"Ya, setuju",3,3,1,3,1,1,7,1,4,1,5,3,4,1,2,6,4,3,2,6,1,1,1,1,1,2,1,1,1,1,1,4,2,2,2,2,5,1,2,1,1,1,3,2,2,2,4,4,21,2,3,2,18,33,38,9
29/01/2020 13:25:14,Ya,Ya,"Ya, setuju",4,5,4,7,4,4,4,4,5,1,7,4,6,4,5,6,5,7,4,4,5,6,4,4,4,4,6,4,4,4,4,4,5,3,5,1,5,5,4,3,4,3,3,5,4,5,1,3,21,1,3,1,38,63,63,34
29/01/2020 13:53:30,Ya,Ya,"Ya, setuju",2,5,2,7,2,4,4,4,3,1,3,5,4,3,3,6,6,3,5,1,3,6,2,3,5,1,1,3,1,1,5,5,5,5,4,1,5,4,1,4,4,2,5,4,4,4,1,4,21,2,3,2,30,62,48,17
29/01/2020 14:13:28,Ya,Ya,"Ya, setuju",1,5,4,5,5,1,3,5,5,7,6,6,4,5,7,6,4,6,5,3,5,6,1,2,6,2,7,2,4,1,5,5,5,5,4,2,5,5,4,5,5,4,5,5,5,5,1,2,21,2,3,2,38,74,63,25
29/01/2020 14:20:04,Ya,Ya,"Ya, setuju",5,7,5,7,4,6,6,2,3,3,1,3,3,3,3,3,3,4,4,3,4,4,4,4,7,5,5,2,2,2,4,5,5,5,5,1,4,5,3,3,4,3,4,5,4,4,1,3,21,2,3,2,42,64,38,31
29/01/2020 14:28:50,Ya,Ya,"Ya, setuju",1,3,1,3,3,2,3,5,1,2,4,4,4,3,3,2,4,5,3,1,2,3,1,5,4,1,1,1,1,1,3,4,2,1,2,1,1,1,2,2,1,1,4,2,2,2,1,2,21,1,3,2,21,31,38,15
29/01/2020 14:38:37,Ya,Ya,"Ya, setuju",5,5,7,5,5,5,5,3,5,5,2,2,2,2,2,2,2,2,2,2,2,2,2,4,3,6,6,6,4,5,5,5,5,5,5,5,4,4,4,4,3,4,4,4,4,4,3,1,21,2,3,2,45,69,24,36
29/01/2020 14:50:09,Ya,Ya,"Ya, setuju",5,6,5,6,3,3,4,4,5,7,3,4,4,5,4,4,4,4,4,4,4,4,1,6,7,6,4,2,1,1,5,5,5,5,4,1,3,1,4,5,5,5,4,4,4,5,2,6,21,2,3,2,44,65,48,28
29/01/2020 15:40:08,Ya,Ya,"Ya, setuju",3,4,4,6,4,4,6,2,5,4,4,4,4,4,4,4,4,4,4,2,3,3,2,2,4,3,3,3,1,2,4,4,4,4,4,1,3,4,3,3,3,3,3,3,3,3,1,5,21,2,3,2,36,52,44,20
29/01/2020 15:41:32,Ya,Ya,"Ya, setuju",4,5,4,5,4,4,5,3,5,5,4,4,4,3,4,4,5,4,4,4,4,4,4,4,5,4,4,4,3,4,4,4,5,4,4,4,4,4,4,4,4,3,4,5,4,4,1,5,21,2,3,2,39,65,48,32
29/01/2020 15:42:44,Ya,Ya,"Ya, setuju",1,6,1,7,1,1,4,4,4,1,6,6,5,3,1,4,4,4,4,1,4,4,1,4,4,3,4,2,1,1,3,2,3,3,5,1,4,3,2,4,4,2,5,3,2,2,3,5,21,2,3,2,26,48,46,20
29/01/2020 16:29:15,Ya,Ya,"Ya, setuju",4,5,3,7,3,3,4,4,5,3,6,4,6,5,5,5,5,5,4,5,4,5,5,4,5,6,5,4,3,1,4,3,4,5,4,2,3,4,2,4,4,2,2,4,4,2,1,5,21,2,3,2,37,53,59,33
29/01/2020 16:42:31,Ya,Ya,"Ya, setuju",5,7,6,7,7,2,7,1,5,3,5,2,1,1,1,1,5,2,1,1,1,1,2,3,5,5,3,1,1,1,3,5,5,5,5,5,5,5,5,5,5,5,5,5,5,5,1,5,21,2,3,2,43,78,22,21
29/01/2020 17:23:14,Ya,Ya,"Ya, setuju",3,4,4,6,3,1,7,1,3,3,4,4,4,5,2,2,5,5,4,2,5,5,4,5,7,4,4,5,2,2,5,5,5,4,5,3,5,5,5,5,2,3,1,5,5,5,2,5,21,2,3,2,28,68,47,33
29/01/2020 17:40:13,Ya,Ya,"Ya, setuju",6,6,7,5,6,6,2,6,6,3,5,6,4,4,3,5,5,6,4,5,4,6,6,6,7,4,6,5,4,4,5,4,5,5,4,1,4,5,4,4,5,5,4,4,5,4,1,5,21,2,3,2,51,68,57,42
29/01/2020 17:58:19,Ya,Ya,"Ya, setuju",4,5,4,7,4,4,6,2,6,7,3,4,3,4,4,5,5,5,6,5,5,5,6,7,7,7,6,5,4,3,4,4,4,4,5,3,4,4,4,4,5,3,3,3,4,3,1,6,21,2,3,2,43,61,54,45
29/01/2020 18:10:49,Ya,Ya,"Ya, setuju",2,3,2,2,2,1,5,3,2,4,3,3,2,1,1,1,1,1,1,1,1,1,1,1,2,1,1,1,1,1,3,3,3,3,2,1,2,1,2,3,2,1,3,2,2,2,1,7,21,2,3,2,21,35,17,9
29/01/2020 19:33:48,Ya,Ya,"Ya, setuju",5,4,3,5,2,1,4,4,3,3,2,2,2,2,2,2,3,3,3,2,4,3,2,5,4,4,4,2,1,1,3,4,5,4,3,1,4,5,2,3,5,3,4,5,5,4,1,5,21,2,3,2,30,60,30,23
29/01/2020 19:48:05,Ya,Ya,"Ya, setuju",4,2,6,7,5,4,5,3,6,2,2,2,2,2,1,2,2,2,2,1,1,2,1,2,3,1,1,1,1,1,5,5,5,5,4,1,5,5,5,4,3,4,5,5,4,3,1,5,21,1,3,2,39,68,21,11
29/01/2020 22:24:58,Ya,Ya,"Ya, setuju",4,7,4,7,3,2,6,2,7,5,7,4,7,1,5,7,7,7,4,3,7,7,6,7,7,4,7,1,1,1,5,5,5,5,5,1,5,5,5,1,3,3,3,3,5,5,4,5,21,2,3,2,41,64,66,34
30/01/2020 1:24:07,Ya,Ya,"Ya, setuju",6,3,4,6,2,4,7,1,6,1,2,4,5,2,3,2,4,4,4,3,3,1,1,1,4,1,3,1,1,1,5,5,5,5,4,2,5,5,4,4,3,4,4,4,4,4,3,5,21,2,3,2,33,67,37,13
29/01/2020 11:11:03,Ya,Ya,"Ya, setuju",4,4,3,5,4,1,6,2,3,2,4,4,4,4,4,4,4,4,4,1,1,4,1,2,2,3,1,1,1,1,5,3,4,3,3,1,4,3,2,1,2,1,5,4,4,4,1,3,21,2,2,1,28,49,42,12
29/01/2020 11:14:23,Ya,Ya,"Ya, setuju",7,7,5,7,5,4,5,3,4,7,5,7,6,3,3,4,7,7,4,5,5,4,7,7,7,5,3,4,1,2,5,5,5,5,5,5,5,3,5,3,3,5,5,5,5,3,3,6,21,2,2,2,49,72,60,36
29/01/2020 11:16:28,Ya,Ya,"Ya, setuju",4,4,1,4,1,1,2,6,1,4,7,6,4,1,1,1,1,1,1,1,1,1,1,2,3,1,1,1,1,1,2,2,2,2,2,1,2,2,1,2,1,1,2,1,2,2,3,6,21,2,2,1,26,27,26,11
29/01/2020 11:18:12,Ya,Ya,"Ya, setuju",4,4,4,4,4,4,4,4,4,4,5,5,6,4,4,4,6,5,4,4,4,4,2,3,6,3,4,3,4,2,4,4,4,3,4,4,3,5,5,3,4,3,3,5,3,3,1,5,21,1,2,2,36,60,55,27
29/01/2020 11:54:16,Ya,Ya,"Ya, setuju",4,3,5,7,4,4,4,4,4,4,1,3,5,7,7,6,7,7,7,1,6,6,5,7,6,6,7,4,1,1,5,4,5,4,5,2,5,5,5,5,4,3,5,5,3,4,3,1,21,2,2,1,39,69,63,37
29/01/2020 13:30:22,Ya,Ya,"Ya, setuju",3,3,2,7,1,2,2,6,4,3,3,4,4,3,5,6,4,6,4,5,5,6,6,6,6,3,5,4,1,1,4,4,5,5,4,1,4,5,4,4,4,3,5,3,4,4,1,4,21,2,2,2,31,63,55,32
29/01/2020 14:58:00,Ya,Ya,"Ya, setuju",4,5,6,7,4,4,4,4,5,4,5,4,4,4,4,5,5,5,4,4,4,5,4,6,7,4,5,5,1,3,4,4,5,5,5,4,4,5,4,4,3,4,4,4,5,3,1,5,21,1,2,2,43,67,53,35
29/01/2020 16:43:23,Ya,Ya,"Ya, setuju",7,6,6,7,6,7,5,3,4,7,2,2,2,6,6,2,2,2,2,6,6,4,6,5,6,5,5,5,2,2,5,5,5,5,5,3,4,5,4,2,2,5,4,2,5,5,3,5,21,2,2,2,53,66,42,36
28/01/2020 22:02:18,Ya,Ya,"Ya, setuju",7,6,7,6,2,7,3,5,4,5,5,4,4,4,4,4,4,4,4,4,4,4,4,7,7,4,4,4,4,4,5,5,5,5,5,5,5,5,3,1,3,3,3,3,3,3,1,3,21,1,1,2,49,62,49,38
28/01/2020 23:28:19,Ya,Ya,"Ya, setuju",4,6,6,7,4,7,4,4,4,5,6,6,6,6,6,5,4,4,4,4,5,5,7,7,7,7,7,4,4,2,3,4,5,5,5,3,5,5,5,5,5,5,5,5,5,5,3,1,21,1,1,2,47,75,61,45
29/01/2020 9:39:06,Ya,Ya,"Ya, setuju",7,4,5,5,4,3,5,3,5,5,6,4,4,6,5,5,1,4,3,3,4,5,1,3,7,3,4,4,1,1,5,4,5,5,5,1,5,5,3,1,5,3,1,5,5,3,4,6,21,2,1,1,41,61,50,24
29/01/2020 11:06:49,Ya,Ya,"Ya, setuju",3,2,2,3,3,2,2,6,2,2,3,3,2,2,2,2,1,2,1,1,1,4,1,1,5,2,3,2,1,1,5,3,4,4,3,2,4,5,3,3,3,2,5,4,4,3,1,6,21,2,1,2,25,57,24,16
29/01/2020 11:27:30,Ya,Ya,"Ya, setuju",4,4,5,5,4,3,5,3,3,3,5,3,6,5,4,5,6,5,4,6,6,6,2,6,6,5,4,2,1,2,4,4,5,4,3,1,3,5,5,3,1,2,3,5,4,3,2,5,21,2,1,2,34,55,61,28
29/01/2020 11:35:01,Ya,Ya,"Ya, setuju",4,6,4,7,5,3,4,4,3,5,3,3,3,3,3,3,7,7,6,3,4,4,3,3,7,4,4,4,2,1,5,5,5,5,4,3,5,5,4,5,4,3,1,5,5,4,3,3,21,1,1,2,41,68,49,28
29/01/2020 12:27:08,Ya,Ya,"Ya, setuju",4,4,4,4,4,4,4,4,2,2,3,3,3,3,3,3,3,3,3,3,3,3,4,4,5,4,6,4,4,3,5,5,5,5,5,5,5,5,5,5,5,5,5,5,5,5,4,7,21,2,1,2,32,80,36,34
29/01/2020 12:37:56,Ya,Ya,"Ya, setuju",4,7,4,7,4,7,7,1,7,4,4,7,7,7,4,7,7,7,7,4,4,7,7,4,7,7,7,7,4,1,5,5,5,5,5,5,5,5,5,5,5,5,5,5,5,5,3,3,21,1,1,1,45,80,72,44
29/01/2020 12:45:51,Ya,Ya,"Ya, setuju",4,4,6,7,2,7,7,1,3,7,7,7,7,3,3,6,6,7,3,4,4,2,1,4,4,3,6,3,1,1,5,4,5,4,3,3,4,5,4,4,5,5,4,4,5,5,1,3,21,1,1,2,41,69,59,23
29/01/2020 13:40:00,Ya,Ya,"Ya, setuju",2,3,5,6,2,6,5,3,3,1,4,4,4,4,4,5,5,6,5,5,4,4,5,4,6,4,5,2,2,2,5,5,5,5,4,2,4,5,3,2,3,2,4,4,4,2,4,6,21,2,1,2,31,59,54,30
29/01/2020 14:07:41,Ya,Ya,"Ya, setuju",3,4,4,7,4,4,5,3,5,4,4,4,4,4,3,4,4,5,4,4,4,4,4,4,7,4,6,2,1,1,4,5,5,5,4,4,5,5,5,4,4,3,4,5,5,4,3,6,21,2,1,2,38,71,48,29
29/01/2020 15:33:21,Ya,Ya,"Ya, setuju",4,6,4,5,2,5,4,4,6,2,5,5,2,3,3,4,2,2,5,2,2,2,7,5,7,5,4,5,2,2,5,5,4,4,5,3,5,5,4,3,4,2,4,5,5,4,3,5,21,2,1,2,38,67,37,37
29/01/2020 16:57:23,Ya,Ya,"Ya, setuju",2,3,3,6,2,2,3,5,4,5,3,4,3,3,2,2,3,4,4,1,2,3,4,3,4,4,3,2,1,1,5,2,4,3,3,2,4,4,3,2,3,3,3,4,4,3,3,5,21,1,1,2,32,52,34,22
29/01/2020 7:36:05,Ya,Ya,"Ya, setuju",1,3,2,6,3,4,5,3,2,4,5,4,4,4,3,4,5,4,4,2,4,4,2,2,3,3,3,3,1,1,2,2,3,4,3,4,2,2,2,2,3,1,3,3,2,2,1,1,22,1,3,2,28,40,47,18
29/01/2020 9:48:08,Ya,Ya,"Ya, setuju",1,1,1,5,1,2,5,3,4,4,4,5,5,4,5,5,5,5,4,4,3,5,4,4,5,5,4,3,3,3,4,3,4,4,5,5,5,4,3,3,4,3,4,4,4,4,1,3,22,2,3,2,22,63,54,31
29/01/2020 10:42:15,Ya,Ya,"Ya, setuju",4,5,5,6,3,4,6,2,5,6,5,6,6,5,5,5,6,6,5,6,5,6,5,6,5,3,6,4,5,5,4,3,4,3,4,4,3,4,4,4,4,3,4,3,4,4,3,2,22,1,3,2,40,59,66,39
29/01/2020 11:06:52,Ya,Ya,"Ya, setuju",3,4,5,7,4,2,6,2,4,3,4,4,4,3,4,4,4,4,4,3,3,6,3,5,6,5,3,3,1,1,5,5,5,5,4,1,5,5,4,3,1,3,4,4,5,3,1,5,22,2,3,2,34,62,47,27
29/01/2020 11:13:06,Ya,Ya,"Ya, setuju",3,5,3,6,3,4,5,3,3,2,4,4,4,4,5,5,4,4,5,4,4,6,4,4,5,5,5,4,4,3,4,4,3,4,3,3,3,4,4,3,3,3,4,3,3,2,3,5,22,2,3,2,32,53,53,34
29/01/2020 11:22:53,Ya,Ya,"Ya, setuju",7,7,7,7,7,7,7,1,4,2,2,2,2,1,1,1,1,1,1,1,1,1,1,1,7,6,7,7,2,2,5,5,5,5,4,5,5,5,5,5,4,5,5,5,4,4,1,5,22,2,3,2,49,76,15,33
29/01/2020 11:33:58,Ya,Ya,"Ya, setuju",1,4,4,5,1,4,4,4,5,1,1,1,1,1,1,1,2,1,1,1,1,1,1,1,4,1,1,1,1,1,4,4,3,3,3,1,3,4,3,1,3,2,3,3,4,3,1,5,22,2,3,2,29,47,13,11
29/01/2020 12:37:38,Ya,Ya,"Ya, setuju",4,3,5,5,4,5,4,4,5,3,4,5,6,6,6,6,6,7,6,5,6,4,6,6,6,6,6,6,5,5,4,5,4,5,4,4,5,4,5,4,4,4,4,4,5,4,1,1,22,2,3,2,38,69,67,46
29/01/2020 12:56:21,Ya,Ya,"Ya, setuju",7,7,7,7,7,7,1,7,1,6,4,4,5,6,5,4,4,5,6,4,4,4,1,4,4,5,5,5,5,6,5,5,5,5,5,5,5,4,5,5,5,5,5,5,5,5,1,5,22,2,3,2,56,79,55,35
29/01/2020 13:02:47,Ya,Ya,"Ya, setuju",5,3,4,6,5,5,6,2,6,5,3,2,3,3,3,3,3,3,3,3,3,3,2,3,3,4,3,3,4,4,5,4,4,5,4,4,4,4,4,4,4,4,4,4,4,5,1,4,22,2,3,2,41,67,35,26
29/01/2020 13:14:21,Ya,Ya,"Ya, setuju",3,6,3,4,3,4,4,4,4,4,4,4,4,4,4,4,4,4,4,4,4,4,4,4,7,4,4,4,2,2,4,4,4,4,4,4,4,3,3,2,3,3,3,4,4,4,1,4,22,2,3,2,35,57,48,31
29/01/2020 15:03:08,Ya,Ya,"Ya, setuju",5,5,6,7,4,5,4,4,6,3,3,3,1,1,4,1,1,3,3,4,4,3,3,1,3,5,5,3,1,1,5,5,5,5,5,3,4,5,4,5,4,5,3,4,5,4,1,5,22,2,3,2,45,71,31,22
29/01/2020 15:27:54,Ya,Ya,"Ya, setuju",3,5,4,6,3,5,2,6,4,6,3,4,5,4,3,5,7,5,4,2,4,6,3,7,7,5,4,2,1,1,4,3,5,5,4,1,3,4,3,3,4,2,5,4,4,3,1,5,22,2,3,2,42,57,52,30
29/01/2020 16:22:12,Ya,Ya,"Ya, setuju",1,3,1,7,3,4,4,4,3,3,3,4,4,3,1,3,3,3,3,2,1,3,1,4,4,4,1,1,1,1,4,4,4,4,2,1,2,5,3,4,1,1,3,5,5,2,1,5,22,2,3,2,29,50,33,17
29/01/2020 16:37:08,Ya,Ya,"Ya, setuju",3,5,5,6,3,4,5,3,3,3,3,4,3,3,3,3,5,3,3,3,3,4,2,1,5,3,5,3,3,2,3,4,4,5,4,3,3,4,3,4,2,3,4,2,3,3,1,2,22,1,3,2,35,54,40,24
29/01/2020 16:37:08,Ya,Ya,"Ya, setuju",3,5,5,6,3,4,5,3,3,3,3,4,3,3,3,3,5,3,3,3,3,4,2,1,5,3,5,3,3,2,3,4,4,5,4,3,3,4,3,4,2,3,4,2,3,3,1,2,22,1,3,2,35,54,40,24
29/01/2020 16:42:04,Ya,Ya,"Ya, setuju",5,5,7,7,4,5,3,5,5,6,6,5,7,4,4,3,6,7,6,4,4,6,6,6,7,4,4,4,3,3,5,4,5,5,4,4,5,4,4,4,5,5,5,4,5,4,1,5,22,2,3,2,49,72,62,37
29/01/2020 18:05:42,Ya,Ya,"Ya, setuju",4,6,3,5,3,3,4,4,4,3,2,3,2,3,3,4,4,4,4,3,3,3,1,6,7,2,3,1,1,1,4,4,4,4,4,3,1,3,3,2,4,2,4,4,4,3,4,5,22,2,3,2,35,53,38,22
29/01/2020 18:57:21,Ya,Ya,"Ya, setuju",1,1,1,4,1,1,7,1,1,1,1,1,1,1,1,1,3,1,1,1,1,1,1,1,1,1,1,1,1,1,2,2,1,4,1,1,2,2,2,3,2,1,3,2,2,2,4,7,22,2,3,2,12,32,14,8
29/01/2020 19:16:17,Ya,Ya,"Ya, setuju",4,6,6,6,4,5,5,3,5,5,6,6,6,4,4,5,6,5,4,5,5,5,4,3,6,4,5,3,2,1,5,4,5,4,4,2,4,4,4,4,4,4,3,3,4,4,1,5,22,1,3,2,44,62,61,28
29/01/2020 20:13:32,Ya,Ya,"Ya, setuju",5,5,6,6,4,3,4,4,2,4,1,2,5,4,4,4,6,6,4,4,4,5,6,6,5,4,5,4,4,4,5,4,5,4,4,1,4,5,4,3,3,4,5,4,4,5,3,3,22,2,3,2,39,64,49,38
29/01/2020 11:30:25,Ya,Ya,"Ya, setuju",2,2,3,6,1,2,6,2,3,5,5,2,2,2,2,3,2,2,3,1,2,4,4,4,6,4,4,1,1,1,3,3,3,4,2,1,3,3,3,3,3,3,3,3,3,3,1,6,22,2,2,2,26,46,30,25
29/01/2020 11:58:57,Ya,Ya,"Ya, setuju",2,2,5,6,2,2,6,2,3,2,6,5,3,2,3,4,5,4,4,3,3,6,2,2,6,3,6,2,2,2,4,3,5,4,4,1,3,4,3,1,2,3,4,3,4,2,1,3,22,2,2,2,26,50,48,25
29/01/2020 13:36:54,Ya,Ya,"Ya, setuju",5,6,6,6,4,3,5,3,5,5,4,5,5,6,6,6,6,6,4,6,5,4,5,7,6,7,6,4,1,2,5,5,5,5,4,4,5,5,4,3,5,4,4,4,5,4,1,6,22,2,2,2,43,71,63,38
29/01/2020 23:05:17,Ya,Ya,"Ya, setuju",4,5,2,6,2,1,6,2,2,3,6,5,3,4,3,5,6,5,5,2,3,3,6,7,7,4,6,1,1,1,4,4,4,4,3,1,3,2,2,1,4,2,5,3,3,1,3,3,22,2,2,1,27,46,50,33
29/01/2020 10:51:50,Ya,Ya,"Ya, setuju",4,7,5,7,4,5,4,4,6,5,5,4,5,4,4,5,5,5,5,5,5,4,5,4,6,4,5,4,4,4,5,4,5,5,5,4,5,5,4,4,5,3,4,5,5,5,1,5,22,2,1,2,47,73,56,36
29/01/2020 11:45:15,Ya,Ya,"Ya, setuju",4,5,7,6,6,3,6,2,6,6,7,6,6,5,6,6,6,6,4,4,4,4,4,4,7,5,6,3,3,1,5,5,5,5,3,1,4,5,3,5,5,5,5,5,5,5,1,5,22,2,1,2,45,71,64,33
29/01/2020 12:01:32,Ya,Ya,"Ya, setuju",7,7,7,4,4,4,4,4,4,7,4,4,4,4,4,4,4,4,4,4,4,4,4,4,4,4,4,4,4,4,5,5,5,5,3,3,3,3,3,3,3,3,3,3,3,3,1,5,22,2,1,2,48,56,48,32
29/01/2020 12:35:45,Ya,Ya,"Ya, setuju",4,4,4,7,4,4,6,2,4,4,5,5,5,3,3,6,6,5,4,4,4,4,3,3,3,4,3,3,2,2,2,3,3,2,3,1,2,1,1,3,2,1,4,3,2,3,3,6,22,1,1,2,37,36,54,23
29/01/2020 16:06:29,Ya,Ya,"Ya, setuju",3,1,2,6,3,1,6,2,4,3,4,4,3,3,3,1,3,3,1,2,2,2,2,4,1,3,2,1,1,1,4,4,4,5,1,1,4,1,4,1,1,2,4,5,4,2,3,5,22,1,1,2,25,47,31,15
29/01/2020 19:36:54,Ya,Ya,"Ya, setuju",1,5,5,7,6,4,7,1,6,6,6,4,5,1,1,4,5,6,4,1,1,4,5,7,6,4,4,4,1,1,4,4,5,4,5,4,3,1,3,4,3,3,3,5,5,3,3,3,22,1,1,2,41,59,42,32
29/01/2020 19:59:38,Ya,Ya,"Ya, setuju",4,4,4,5,3,4,6,2,4,3,3,4,4,4,3,4,4,4,4,3,3,4,4,5,4,3,3,3,1,3,5,4,4,3,3,3,4,5,3,4,4,3,5,4,4,3,1,5,22,2,1,2,33,61,44,26
29/01/2020 20:13:05,Ya,Ya,"Ya, setuju",3,2,1,6,1,2,3,5,5,3,6,7,5,3,5,5,5,6,4,1,2,3,1,1,7,1,1,1,1,1,5,4,4,5,4,1,3,5,4,2,4,1,1,5,5,2,1,6,22,2,1,2,28,55,52,14
29/01/2020 11:32:14,Ya,Ya,"Ya, setuju",6,6,7,5,5,6,2,6,2,1,2,1,2,5,6,1,1,1,1,2,6,4,7,1,7,5,7,6,5,4,5,5,5,5,5,2,5,5,5,4,4,5,3,5,5,4,1,6,23,2,99,99,44,72,32,42
29/01/2020 11:04:28,Ya,Ya,"Ya, setuju",4,5,4,4,4,4,4,4,5,4,3,3,3,3,1,3,2,5,1,1,1,2,3,2,6,1,2,1,1,1,4,4,4,4,5,2,4,2,4,3,2,3,4,3,3,2,3,5,23,2,3,2,38,53,28,17
29/01/2020 11:10:33,Ya,Ya,"Ya, setuju",4,7,4,7,4,4,4,4,4,6,5,5,5,5,5,5,5,5,5,5,5,5,6,5,5,7,6,3,1,1,5,5,5,5,5,3,5,5,3,3,5,2,5,5,5,3,1,6,23,2,3,2,44,69,60,34
29/01/2020 11:20:58,Ya,Ya,"Ya, setuju",3,6,6,6,2,4,4,4,5,3,6,5,4,5,4,5,6,6,4,4,4,6,6,6,6,6,6,3,3,4,5,4,4,5,4,1,4,5,4,3,3,4,5,5,5,5,3,1,23,2,3,2,39,66,59,40
29/01/2020 11:22:29,Ya,Ya,"Ya, setuju",5,6,6,7,4,7,1,7,5,6,4,2,5,5,4,6,6,6,6,6,6,6,7,7,7,5,6,6,5,4,5,5,5,5,4,3,4,5,5,5,5,5,3,2,3,3,4,5,23,2,3,2,53,67,62,47
29/01/2020 11:25:21,Ya,Ya,"Ya, setuju",4,5,4,4,4,1,7,1,1,1,1,1,1,1,1,1,1,1,1,1,1,1,4,7,6,1,1,1,1,1,5,5,5,5,5,5,5,5,5,5,5,5,5,5,5,5,1,5,23,1,3,3,25,80,12,22
29/01/2020 11:51:03,Ya,Ya,"Ya, setuju",4,5,4,4,4,1,7,1,3,3,3,3,5,3,2,4,4,4,4,2,3,3,1,3,4,3,3,2,1,1,5,5,4,3,4,3,5,3,3,4,3,1,4,5,4,3,1,5,23,2,3,2,29,59,40,18
29/01/2020 12:00:02,Ya,Ya,"Ya, setuju",5,7,6,7,5,6,5,3,3,6,6,7,6,6,6,6,6,6,5,6,6,6,1,6,6,7,6,5,4,3,4,4,5,4,4,4,5,5,4,4,4,4,4,4,4,4,3,6,23,2,3,2,48,67,72,38
29/01/2020 12:49:30,Ya,Ya,"Ya, setuju",4,3,2,6,1,2,4,4,2,2,4,5,2,1,1,2,2,2,3,2,2,2,1,4,3,2,2,3,2,2,3,3,4,2,2,1,2,1,2,1,3,3,3,3,3,3,3,5,23,2,3,1,26,39,28,19
29/01/2020 13:15:41,Ya,Ya,"Ya, setuju",1,1,1,1,1,1,4,4,1,5,7,7,3,3,2,2,2,2,1,1,1,1,1,2,1,1,1,1,1,1,5,4,5,5,4,1,4,1,1,5,1,1,5,4,4,1,3,5,23,2,3,2,16,51,32,9
29/01/2020 11:15:43,Ya,Ya,"Ya, setuju",5,4,5,5,5,6,5,3,5,3,4,3,4,3,4,3,2,2,2,3,4,4,2,4,4,4,4,4,1,1,4,5,5,5,5,1,5,4,4,4,4,4,5,5,4,5,3,1,23,2,2,1,41,69,38,24
29/01/2020 11:00:38,Ya,Ya,"Ya, setuju",4,5,3,5,4,5,5,3,2,4,5,6,5,5,5,5,5,5,5,5,5,4,4,3,7,5,4,5,5,4,4,4,4,4,4,1,3,4,3,4,3,4,3,3,3,4,2,4,23,2,1,2,35,55,60,37
29/01/2020 11:04:52,Ya,Ya,"Ya, setuju",3,4,6,7,2,3,4,4,4,5,3,5,5,4,4,5,3,4,2,2,3,3,7,7,6,6,5,2,1,1,5,5,5,4,3,1,4,4,4,3,5,3,5,5,4,4,3,5,23,1,1,2,38,64,43,35
29/01/2020 11:09:43,Ya,Ya,"Ya, setuju",5,4,4,7,3,1,5,3,6,2,4,4,4,3,3,3,5,5,4,2,2,4,4,5,6,1,3,1,1,1,5,4,5,5,4,2,5,5,4,2,1,1,4,3,4,3,1,5,23,2,1,2,35,57,43,22
29/01/2020 11:38:01,Ya,Ya,"Ya, setuju",6,6,7,6,6,7,5,3,4,3,4,5,6,4,6,7,7,6,6,5,6,6,6,7,7,5,7,6,2,4,5,5,5,5,5,2,4,5,5,2,4,5,3,5,5,5,1,5,23,2,1,2,48,70,68,44
29/01/2020 12:06:18,Ya,Ya,"Ya, setuju",4,4,5,5,4,4,3,5,5,5,3,4,3,4,4,4,4,4,4,4,4,4,5,3,6,7,5,4,3,3,5,3,5,5,5,1,5,5,5,1,5,5,3,5,5,5,4,5,23,1,1,2,41,68,46,36
29/01/2020 12:39:26,Ya,Ya,"Ya, setuju",5,7,6,7,4,5,7,1,6,7,5,6,6,5,3,7,7,7,4,4,5,7,6,7,7,5,7,5,3,4,5,5,5,5,5,4,5,4,5,5,4,5,3,4,4,5,3,3,23,1,1,99,48,73,66,44
29/01/2020 14:54:48,Ya,Ya,"Ya, setuju",2,3,2,7,3,1,1,7,1,1,1,2,2,1,3,3,3,2,2,3,2,3,1,3,2,2,2,2,2,1,5,5,3,4,1,1,3,2,3,1,3,1,3,3,3,1,4,1,23,2,1,1,27,42,27,15
29/01/2020 17:09:24,Ya,Ya,"Ya, setuju",4,3,3,6,3,4,3,5,3,3,5,5,4,4,3,4,4,5,5,4,4,4,3,5,3,5,4,4,3,2,4,4,5,5,2,2,4,4,5,3,3,3,4,4,5,3,3,6,23,2,1,3,34,60,51,29
29/01/2020 6:45:03,Ya,Ya,"Ya, setuju",4,5,4,5,3,4,6,2,3,3,3,3,2,3,4,5,4,5,4,4,4,5,5,4,5,6,5,2,1,1,4,4,4,4,4,1,4,2,3,3,4,3,5,3,3,4,1,3,24,2,3,2,33,55,46,29
29/01/2020 10:00:01,Ya,Ya,"Ya, setuju",3,4,4,7,3,4,6,2,4,4,5,6,5,4,4,4,6,5,3,2,3,4,4,4,3,3,2,1,1,2,3,3,4,3,2,1,2,2,2,2,3,3,5,2,3,3,3,5,24,1,3,2,35,43,51,20
29/01/2020 11:51:09,Ya,Ya,"Ya, setuju",4,4,4,4,4,4,4,4,4,4,4,4,4,4,4,4,4,4,4,4,4,4,4,4,4,4,4,4,4,4,3,3,3,3,3,3,3,3,3,3,3,3,3,3,3,3,1,3,24,1,3,1,36,48,48,32
29/01/2020 12:12:02,Ya,Ya,"Ya, setuju",4,6,4,4,5,5,4,4,6,6,3,3,3,4,4,4,4,3,4,4,4,4,6,6,5,4,4,3,3,2,5,4,5,3,4,2,4,4,4,3,4,3,3,4,4,4,3,4,24,2,3,2,44,60,44,33
29/01/2020 20:10:38,Ya,Ya,"Ya, setuju",4,7,6,7,4,2,4,4,3,3,2,2,4,6,2,6,6,7,5,2,3,4,5,6,7,2,3,4,4,4,4,4,4,4,4,1,4,2,2,4,2,4,4,4,4,4,1,5,24,2,3,2,40,55,49,35
29/01/2020 11:37:50,Ya,Ya,"Ya, setuju",1,5,6,6,4,6,6,2,5,6,6,7,6,6,5,5,6,6,2,2,2,2,5,2,6,7,3,2,1,1,4,4,5,5,4,2,5,5,4,5,5,4,5,4,2,2,4,4,24,2,2,2,41,65,55,27
29/01/2020 11:06:37,Ya,Ya,"Ya, setuju",4,4,3,6,4,3,6,2,3,5,5,4,5,4,3,4,4,3,5,3,3,5,2,2,5,3,3,3,1,1,4,5,4,4,2,1,4,5,4,2,3,2,5,4,4,4,1,5,24,2,1,2,34,57,48,20
29/01/2020 11:37:04,Ya,Ya,"Ya, setuju",1,2,4,7,2,1,7,1,1,4,7,6,1,1,1,1,6,2,1,1,1,1,5,1,1,7,3,1,1,1,5,4,4,5,3,1,4,1,5,1,3,2,2,5,4,2,3,1,24,1,1,2,23,51,29,20
29/01/2020 11:45:28,Ya,Ya,"Ya, setuju",4,4,5,7,4,4,5,3,4,6,6,6,6,5,5,4,6,7,4,4,4,4,4,2,6,7,6,5,4,4,4,5,5,4,3,2,5,5,4,3,5,4,5,4,4,3,3,5,24,2,1,2,41,65,61,38
29/01/2020 12:55:21,Ya,Ya,"Ya, setuju",5,5,5,7,5,3,7,1,5,5,6,3,3,3,3,4,4,4,4,4,4,4,4,6,6,5,4,1,1,1,5,3,4,4,4,3,3,3,3,3,3,1,4,3,3,3,1,3,24,2,1,2,41,52,46,28
29/01/2020 14:01:01,Ya,Ya,"Ya, setuju",1,1,1,7,1,1,7,1,1,1,5,2,3,1,1,1,3,3,2,1,1,2,1,1,6,1,1,2,1,1,3,3,3,3,4,1,4,4,3,3,2,1,4,4,4,1,3,5,24,1,1,2,15,47,25,14
29/01/2020 11:06:32,Ya,Ya,"Ya, setuju",4,6,5,6,4,4,4,4,4,3,3,5,5,4,4,4,4,4,4,4,4,4,4,6,7,6,6,2,2,2,4,4,5,5,5,3,4,5,4,4,4,3,5,4,5,5,1,5,25,2,3,2,40,69,49,35
29/01/2020 11:07:33,Ya,Ya,"Ya, setuju",4,5,3,7,3,2,5,3,4,6,3,3,4,5,5,6,6,6,4,2,6,6,4,4,5,6,4,4,2,2,4,4,4,3,4,1,2,3,2,3,1,3,5,4,3,3,1,3,25,2,3,2,37,49,56,31
29/01/2020 11:55:08,Ya,Ya,"Ya, setuju",4,3,5,5,3,5,5,3,5,5,4,5,6,5,5,4,4,6,4,3,4,4,5,4,6,6,5,4,3,3,5,4,5,4,4,4,4,5,4,2,4,4,4,5,4,4,1,1,25,2,3,2,38,66,54,36
29/01/2020 19:10:52,Ya,Ya,"Ya, setuju",6,7,4,5,4,4,4,4,5,6,1,3,2,2,3,4,4,3,3,4,3,3,2,2,4,5,5,3,2,2,5,5,5,5,5,4,5,5,5,4,3,2,2,4,3,4,1,5,25,2,3,3,45,66,35,25
29/01/2020 11:15:21,Ya,Ya,"Ya, setuju",4,5,4,6,6,4,4,4,4,6,3,3,6,4,4,5,5,5,3,5,4,6,6,6,5,1,6,4,2,4,4,4,5,5,4,4,4,4,4,4,4,3,4,4,4,4,1,6,25,2,2,2,43,65,53,34
29/01/2020 13:27:46,Ya,Ya,"Ya, setuju",4,7,7,7,4,4,1,7,4,1,7,7,7,5,5,7,7,7,6,7,7,7,7,7,7,7,7,7,2,4,5,5,5,4,5,5,3,5,3,3,3,2,4,4,4,5,3,6,26,1,1,2,45,65,79,48
29/01/2020 11:09:17,Ya,Ya,"Ya, setuju",1,4,1,7,4,3,4,4,5,1,4,4,4,4,3,3,4,4,4,2,2,4,2,2,6,2,2,1,1,1,4,4,5,5,4,1,4,5,4,3,3,2,5,4,4,3,4,4,27,2,3,2,30,60,42,17
29/01/2020 11:12:57,Ya,Ya,"Ya, setuju",4,7,7,6,6,4,4,4,5,6,5,4,5,5,5,6,5,6,7,5,5,4,3,6,6,3,6,3,1,2,5,4,5,4,5,2,4,5,4,1,3,4,5,4,5,4,1,5,27,2,3,2,49,64,62,30
29/01/2020 11:33:49,Ya,Ya,"Ya, setuju",1,1,2,7,1,1,6,2,2,3,5,5,4,4,4,5,4,6,4,1,3,5,3,2,3,2,3,3,5,1,3,5,3,5,1,1,3,1,2,1,2,1,4,2,5,2,3,6,27,1,1,2,20,41,50,22
29/01/2020 11:34:08,Ya,Ya,"Ya, setuju",2,6,7,7,3,1,5,3,6,7,7,7,7,6,5,7,6,7,1,3,6,5,5,6,7,1,7,6,1,2,5,5,5,5,5,3,5,5,5,5,1,5,5,5,5,4,3,6,27,1,1,4,42,73,67,35
29/01/2020 15:28:06,Ya,Ya,"Ya, setuju",4,6,5,5,5,4,5,3,4,2,3,3,3,1,1,2,5,4,4,1,1,2,2,6,5,4,4,1,1,1,4,4,5,4,5,3,4,4,5,1,2,3,4,3,5,4,3,5,27,1,1,2,38,60,30,24
29/01/2020 21:39:14,Ya,Ya,"Ya, setuju",6,5,5,7,5,6,4,4,5,3,4,6,5,5,4,4,5,4,3,1,2,2,2,2,2,1,3,2,3,1,5,5,5,5,5,3,4,5,4,2,4,4,5,5,4,4,1,5,27,1,1,2,46,69,45,16
29/01/2020 11:24:52,Ya,Ya,"Ya, setuju",1,2,4,5,2,5,6,2,4,5,5,5,5,1,1,1,1,1,1,1,1,1,1,6,4,1,1,1,1,1,2,4,5,3,4,1,4,5,3,3,3,3,5,3,4,3,1,6,28,1,3,2,30,55,24,16
29/01/2020 12:06:25,Ya,Ya,"Ya, setuju",3,5,6,7,4,4,6,2,4,6,5,5,5,4,3,4,5,6,4,4,3,4,3,5,5,5,7,4,3,4,5,5,4,4,3,1,5,5,5,3,4,4,4,5,5,4,3,5,28,1,3,2,41,66,52,36
29/01/2020 13:19:07,Ya,Ya,"Ya, setuju",4,3,5,7,3,2,5,3,4,6,4,3,2,2,4,4,4,4,3,3,3,2,4,4,4,4,4,4,4,3,4,4,5,3,1,2,5,5,3,4,3,4,4,3,5,3,4,2,28,2,3,2,37,58,38,31
29/01/2020 23:06:48,Ya,Ya,"Ya, setuju",7,7,6,6,6,7,2,6,2,5,6,6,6,7,6,6,7,6,5,4,5,5,7,7,7,4,6,6,3,4,5,4,5,4,4,4,4,5,3,4,5,5,4,4,5,4,1,5,28,2,3,2,52,69,69,44
29/01/2020 19:40:48,Ya,Ya,"Ya, setuju",7,2,3,5,3,1,5,3,1,5,4,5,6,3,4,4,5,4,1,1,2,3,1,1,1,1,1,1,1,1,3,3,2,2,3,1,3,1,3,2,2,1,2,2,2,2,1,4,28,1,1,99,30,34,42,8
29/01/2020 8:16:55,Ya,Ya,"Ya, setuju",6,6,4,7,5,4,5,3,6,4,4,2,3,4,4,4,4,4,4,4,4,4,2,4,4,4,4,4,4,1,4,3,5,3,3,1,3,3,3,1,3,3,3,3,3,3,4,7,30,2,3,2,45,47,45,27
29/01/2020 13:59:27,Ya,Ya,"Ya, setuju",3,7,7,6,6,5,6,2,4,3,6,6,6,5,6,5,6,7,4,2,2,4,7,7,7,2,6,5,1,2,5,5,5,5,5,4,5,5,4,5,4,5,5,5,5,4,1,5,32,1,99,99,43,76,59,37
29/01/2020 11:14:37,Ya,Ya,"Ya, setuju",5,5,4,6,5,5,4,4,5,5,4,4,6,6,4,5,4,5,4,4,5,4,4,4,4,4,4,4,4,4,4,4,4,4,4,4,4,4,4,4,4,4,4,4,4,4,3,3,33,1,3,3,44,64,55,32
29/01/2020 11:29:52,Ya,Ya,"Ya, setuju",5,5,5,4,4,4,3,5,5,2,5,5,5,4,5,2,4,4,4,3,3,2,2,2,5,1,4,3,1,1,4,3,4,4,3,2,3,5,4,3,3,4,4,3,4,3,3,4,33,1,2,4,39,56,46,19
29/01/2020 12:56:57,Ya,Ya,"Ya, setuju",5,7,5,5,5,5,5,3,5,5,6,5,4,4,6,4,6,6,4,4,4,4,6,7,7,6,6,2,2,2,5,5,5,4,5,5,5,5,5,1,5,5,5,5,5,5,1,5,40,1,1,1,45,75,57,38
29/01/2020 12:57:10,Ya,Ya,"Ya, setuju",7,4,7,7,4,7,5,3,6,4,5,5,5,4,4,4,4,4,4,4,4,5,4,4,6,5,7,4,4,4,5,5,5,5,3,1,5,5,4,3,3,4,3,5,5,5,1,3,48,1,3,3,49,66,52,38
29/01/2020 10:15:43,Ya,Ya,"Ya, setuju",5,4,5,4,4,6,5,3,5,4,5,5,5,6,4,5,5,7,6,5,5,5,5,5,5,7,5,4,4,1,5,4,5,4,3,2,3,4,4,2,2,3,3,3,3,3,2,5,50,2,3,4,40,53,63,36
29/01/2020 10:05:44,Ya,Ya,"Ya, setuju",7,7,7,7,6,7,6,2,6,7,6,6,6,6,6,7,6,6,5,6,6,6,6,6,6,5,6,4,4,5,5,5,5,5,5,4,5,5,5,5,5,5,5,5,5,5,4,4,50,2,1,3,56,79,72,42
29/01/2020 8:15:17,Ya,Ya,"Ya, setuju",7,5,6,6,6,6,6,2,7,6,6,6,6,6,6,6,6,6,4,4,4,4,3,3,6,1,1,4,4,2,5,4,5,5,5,4,4,4,4,4,3,3,4,5,4,3,1,5,51,1,99,2,51,66,64,24
29/01/2020 12:59:57,Ya,Ya,"Ya, setuju",5,4,6,7,2,6,4,4,5,2,5,6,5,5,2,4,5,6,4,3,3,4,3,2,6,2,5,1,1,1,5,5,5,5,3,2,5,5,4,2,4,5,5,5,5,5,3,5,51,2,3,2,41,70,52,21
29/01/2020 19:51:57,Ya,Ya,"Ya, setuju",7,7,7,7,6,4,1,7,7,4,7,4,7,7,7,7,7,7,7,7,7,7,1,7,7,1,7,1,4,4,5,5,5,5,5,3,5,5,5,3,5,5,5,5,5,5,3,6,52,2,99,1,56,76,81,32
29/01/2020 10:17:25,Ya,Ya,"Ya, setuju",4,5,7,7,7,7,5,3,7,7,7,7,7,7,7,7,7,7,7,7,7,7,7,7,7,7,7,5,5,1,5,5,5,5,5,3,5,5,5,5,5,5,5,5,5,5,1,5,52,2,99,99,54,78,84,46
29/01/2020 11:21:24,Ya,Ya,"Ya, setuju",5,6,7,6,6,5,5,3,6,6,6,6,6,5,6,6,6,6,6,4,6,6,4,2,5,6,6,3,4,4,5,5,5,5,5,5,5,5,5,4,4,4,5,5,5,5,1,1,52,2,99,1,50,77,69,34
29/01/2020 17:01:08,Ya,Ya,"Ya, setuju",5,5,6,5,5,5,5,3,4,4,6,6,6,6,5,5,6,6,5,4,5,4,4,4,5,4,5,4,3,3,5,5,5,5,4,3,5,5,5,5,5,4,4,4,4,4,1,5,52,2,3,5,42,72,64,32
29/01/2020 11:04:47,Ya,Ya,"Ya, setuju",7,3,7,7,7,7,7,1,6,7,3,5,5,7,7,7,7,7,7,7,7,7,7,7,7,7,7,7,7,7,5,5,5,5,5,5,5,5,5,5,5,5,5,5,5,5,1,4,52,2,1,1,52,80,76,56
29/01/2020 13:19:33,Ya,Ya,"Ya, setuju",7,7,7,7,4,7,4,4,7,1,7,7,7,4,4,7,4,4,4,1,7,7,7,1,7,1,7,4,1,1,5,5,5,5,5,5,5,5,5,5,5,5,5,5,5,5,1,5,53,1,3,2,51,80,63,29
